backend,profile,dataset,model,encoding,architecture,layers,v_th,alpha,run,seed,config_hash,mse,mae,r2,precision,recall,f1,spike_rate,energy,train_ms,infer_ms,param_count,macs
xtensor,article_snn_recurrent,fsdd,lstm-ae,direct,lstm,1,0.000000,0.000000,1,42,7096950814052064792,0.996841,0.705411,0.003158,0.000000,0.000000,0.000000,0.000000,85238400.000000,302794.500000,1183.978149,120225,8523840
xtensor,article_snn_recurrent,fsdd,snn-ae,direct,recurrent,2,0.500000,0.800000,1,42,7096950814052064792,0.234842,0.306083,-0.289110,0.000000,0.000000,0.000000,0.843490,375118.000000,7219.572266,67.840599,37286,36864
xtensor,article_snn_recurrent,fsdd,snn-ae,direct,recurrent,2,0.500000,0.900000,1,42,7096950814052064792,0.217318,0.285868,-0.236199,0.000000,0.000000,0.000000,0.892448,375494.000000,6817.538086,74.000015,37286,36864
xtensor,article_snn_recurrent,fsdd,snn-ae,direct,recurrent,2,0.500000,0.990000,1,42,7096950814052064792,0.121993,0.169570,-0.076293,0.000000,0.000000,0.000000,0.956771,375988.000000,8165.398438,72.756065,37286,36864
xtensor,article_snn_recurrent,fsdd,snn-ae,direct,recurrent,2,1.000000,0.800000,1,42,7096950814052064792,0.137440,0.203070,-0.075564,0.000000,0.000000,0.000000,0.960417,376016.000000,11147.941406,76.420860,37286,36864
xtensor,article_snn_recurrent,fsdd,snn-ae,direct,recurrent,2,1.000000,0.900000,1,42,7096950814052064792,0.135116,0.179512,-0.086371,0.000000,0.000000,0.000000,0.976432,376139.000000,7310.650879,73.760666,37286,36864
xtensor,article_snn_recurrent,fsdd,snn-ae,direct,recurrent,2,1.000000,0.990000,1,42,7096950814052064792,0.072461,0.101916,-0.003064,0.000000,0.000000,0.000000,0.972656,376110.000000,8248.593750,102.097816,37286,36864
xtensor,article_snn_recurrent,fsdd,snn-ae,direct,recurrent,2,1.500000,0.800000,1,42,7096950814052064792,0.096619,0.130287,-0.072307,0.000000,0.000000,0.000000,0.981771,376180.000000,5887.182129,102.907837,37286,36864
xtensor,article_snn_recurrent,fsdd,snn-ae,direct,recurrent,2,1.500000,0.900000,1,42,7096950814052064792,0.092934,0.133084,-0.033838,0.000000,0.000000,0.000000,0.996094,376290.000000,8156.883301,74.496727,37286,36864
xtensor,article_snn_recurrent,fsdd,snn-ae,direct,recurrent,2,1.500000,0.990000,1,42,7096950814052064792,0.050704,0.075639,0.012589,0.000000,0.000000,0.000000,0.957031,375990.000000,8033.954102,91.272911,37286,36864
xtensor,article_snn_recurrent,fsdd,lstm-ae,direct,lstm,1,0.000000,0.000000,2,43,7096950814052064792,0.996841,0.705411,0.003158,0.000000,0.000000,0.000000,0.000000,85238400.000000,305148.406250,1198.183716,120225,8523840
xtensor,article_snn_recurrent,fsdd,snn-ae,direct,recurrent,2,0.500000,0.800000,2,43,7096950814052064792,0.217509,0.307196,-0.193972,0.000000,0.000000,0.000000,0.886589,375449.000000,10209.405273,72.209541,37286,36864
xtensor,article_snn_recurrent,fsdd,snn-ae,direct,recurrent,2,0.500000,0.900000,2,43,7096950814052064792,0.231087,0.295419,-0.314526,0.000000,0.000000,0.000000,0.877214,375377.000000,6519.041016,73.310532,37286,36864
xtensor,article_snn_recurrent,fsdd,snn-ae,direct,recurrent,2,0.500000,0.990000,2,43,7096950814052064792,0.122492,0.164944,-0.080709,0.000000,0.000000,0.000000,0.939974,375859.000000,7030.630371,74.176147,37286,36864
xtensor,article_snn_recurrent,fsdd,snn-ae,direct,recurrent,2,1.000000,0.800000,2,43,7096950814052064792,0.140713,0.201394,-0.101178,0.000000,0.000000,0.000000,0.935677,375826.000000,7500.348633,73.321777,37286,36864
xtensor,article_snn_recurrent,fsdd,snn-ae,direct,recurrent,2,1.000000,0.900000,2,43,7096950814052064792,0.130129,0.204550,-0.046273,0.000000,0.000000,0.000000,0.988802,376234.000000,13048.791016,71.142990,37286,36864
xtensor,article_snn_recurrent,fsdd,snn-ae,direct,recurrent,2,1.000000,0.990000,2,43,7096950814052064792,0.071370,0.106838,0.012049,0.000000,0.000000,0.000000,0.988281,376230.000000,9752.899414,72.579216,37286,36864
xtensor,article_snn_recurrent,fsdd,snn-ae,direct,recurrent,2,1.500000,0.800000,2,43,7096950814052064792,0.096916,0.127854,-0.075608,0.000000,0.000000,0.000000,0.971615,376102.000000,4470.818848,71.686012,37286,36864
xtensor,article_snn_recurrent,fsdd,snn-ae,direct,recurrent,2,1.500000,0.900000,2,43,7096950814052064792,0.092150,0.146884,-0.025116,0.000000,0.000000,0.000000,0.983724,376195.000000,12051.576172,74.427856,37286,36864
xtensor,article_snn_recurrent,fsdd,snn-ae,direct,recurrent,2,1.500000,0.990000,2,43,7096950814052064792,0.051338,0.072126,0.000253,0.000000,0.000000,0.000000,0.914062,375660.000000,7075.522949,75.118591,37286,36864
xtensor,article_snn_recurrent,fsdd,lstm-ae,direct,lstm,1,0.000000,0.000000,3,44,7096950814052064792,0.996841,0.705411,0.003158,0.000000,0.000000,0.000000,0.000000,85238400.000000,347933.343750,1342.483032,120225,8523840
xtensor,article_snn_recurrent,fsdd,snn-ae,direct,recurrent,2,0.500000,0.800000,3,44,7096950814052064792,0.218904,0.308711,-0.201621,0.000000,0.000000,0.000000,0.887109,375453.000000,13192.760742,93.645378,37286,36864
xtensor,article_snn_recurrent,fsdd,snn-ae,direct,recurrent,2,0.500000,0.900000,3,44,7096950814052064792,0.206844,0.265932,-0.176613,0.000000,0.000000,0.000000,0.961068,376021.000000,7507.173340,98.283005,37286,36864
xtensor,article_snn_recurrent,fsdd,snn-ae,direct,recurrent,2,0.500000,0.990000,3,44,7096950814052064792,0.113275,0.181725,0.000615,0.000000,0.000000,0.000000,0.963021,376036.000000,14732.840820,132.489548,37286,36864
xtensor,article_snn_recurrent,fsdd,snn-ae,direct,recurrent,2,1.000000,0.800000,3,44,7096950814052064792,0.142464,0.191502,-0.114881,0.000000,0.000000,0.000000,0.941797,375873.000000,7251.719727,83.621964,37286,36864
xtensor,article_snn_recurrent,fsdd,snn-ae,direct,recurrent,2,1.000000,0.900000,3,44,7096950814052064792,0.139378,0.208998,-0.120635,0.000000,0.000000,0.000000,0.912109,375645.000000,12059.701172,91.793030,37286,36864
xtensor,article_snn_recurrent,fsdd,snn-ae,direct,recurrent,2,1.000000,0.990000,3,44,7096950814052064792,0.071768,0.106814,0.006522,0.000000,0.000000,0.000000,0.988281,376230.000000,9883.824219,81.677567,37286,36864
xtensor,article_snn_recurrent,fsdd,snn-ae,direct,recurrent,2,1.500000,0.800000,3,44,7096950814052064792,0.093392,0.145871,-0.036496,0.000000,0.000000,0.000000,0.971875,376104.000000,11688.292969,84.029694,37286,36864
xtensor,article_snn_recurrent,fsdd,snn-ae,direct,recurrent,2,1.500000,0.900000,3,44,7096950814052064792,0.093744,0.128029,-0.042853,0.000000,0.000000,0.000000,0.992188,376260.000000,7580.666992,88.275513,37286,36864
xtensor,article_snn_recurrent,fsdd,snn-ae,direct,recurrent,2,1.500000,0.990000,3,44,7096950814052064792,0.051023,0.073332,0.006377,0.000000,0.000000,0.000000,0.941406,375870.000000,8070.367676,79.586502,37286,36864
xtensor,article_snn_recurrent,fsdd,lstm-ae,poisson,lstm,1,0.000000,0.000000,1,42,7096950814052064792,0.118887,0.273788,-0.040013,0.000000,0.000000,0.000000,0.000000,85238400.000000,361281.093750,2329.141357,120225,8523840
xtensor,article_snn_recurrent,fsdd,snn-ae,poisson,recurrent,2,0.500000,0.800000,1,42,7096950814052064792,0.153830,0.211722,-0.122403,0.000000,0.000000,0.000000,0.938672,375849.000000,15921.746094,123.686714,37286,36864
xtensor,article_snn_recurrent,fsdd,snn-ae,poisson,recurrent,2,0.500000,0.900000,1,42,7096950814052064792,0.177825,0.232401,-0.130817,0.000000,0.000000,0.000000,0.985156,376206.000000,11733.889648,115.166710,37286,36864
xtensor,article_snn_recurrent,fsdd,snn-ae,poisson,recurrent,2,0.500000,0.990000,1,42,7096950814052064792,0.233943,0.290145,-0.244644,0.000000,0.000000,0.000000,0.924349,375739.000000,8462.347656,121.268227,37286,36864
xtensor,article_snn_recurrent,fsdd,snn-ae,poisson,recurrent,2,1.000000,0.800000,1,42,7096950814052064792,0.082824,0.116562,-0.035864,0.000000,0.000000,0.000000,0.996094,376290.000000,10088.645508,136.837753,37286,36864
xtensor,article_snn_recurrent,fsdd,snn-ae,poisson,recurrent,2,1.000000,0.900000,1,42,7096950814052064792,0.096067,0.125660,-0.055250,0.000000,0.000000,0.000000,0.984375,376200.000000,12766.627930,255.664459,37286,36864
xtensor,article_snn_recurrent,fsdd,snn-ae,poisson,recurrent,2,1.000000,0.990000,1,42,7096950814052064792,0.116739,0.169697,-0.067322,0.000000,0.000000,0.000000,0.974089,376121.000000,13138.574219,112.782806,37286,36864
xtensor,article_snn_recurrent,fsdd,snn-ae,poisson,recurrent,2,1.500000,0.800000,1,42,7096950814052064792,0.046414,0.076628,-0.004463,0.000000,0.000000,0.000000,1.000000,376320.000000,46535.945312,201.859085,37286,36864
xtensor,article_snn_recurrent,fsdd,snn-ae,poisson,recurrent,2,1.500000,0.900000,1,42,7096950814052064792,0.054277,0.085512,-0.013555,0.000000,0.000000,0.000000,0.980469,376170.000000,73673.187500,121.121140,37286,36864
xtensor,article_snn_recurrent,fsdd,snn-ae,poisson,recurrent,2,1.500000,0.990000,1,42,7096950814052064792,0.076885,0.119660,-0.026913,0.000000,0.000000,0.000000,0.972396,376108.000000,17365.066406,187.282211,37286,36864
xtensor,article_snn_recurrent,fsdd,lstm-ae,poisson,lstm,1,0.000000,0.000000,2,43,7096950814052064792,0.118437,0.272378,-0.038780,0.000000,0.000000,0.000000,0.000000,85238400.000000,496598.906250,2030.100586,120225,8523840
xtensor,article_snn_recurrent,fsdd,snn-ae,poisson,recurrent,2,0.500000,0.800000,2,43,7096950814052064792,0.153234,0.212609,-0.124496,0.000000,0.000000,0.000000,0.934245,375815.000000,13562.111328,164.903381,37286,36864
xtensor,article_snn_recurrent,fsdd,snn-ae,poisson,recurrent,2,0.500000,0.900000,2,43,7096950814052064792,0.185929,0.242966,-0.180702,0.000000,0.000000,0.000000,0.936979,375836.000000,27071.392578,9102.948242,37286,36864
xtensor,article_snn_recurrent,fsdd,snn-ae,poisson,recurrent,2,0.500000,0.990000,2,43,7096950814052064792,0.243737,0.307768,-0.298553,0.000000,0.000000,0.000000,0.893229,375500.000000,7044.918457,105.585213,37286,36864
xtensor,article_snn_recurrent,fsdd,snn-ae,poisson,recurrent,2,1.000000,0.800000,2,43,7096950814052064792,0.084132,0.120081,-0.056573,0.000000,0.000000,0.000000,0.977214,376145.000000,8552.000977,103.675049,37286,36864
xtensor,article_snn_recurrent,fsdd,snn-ae,poisson,recurrent,2,1.000000,0.900000,2,43,7096950814052064792,0.097385,0.140538,-0.063655,0.000000,0.000000,0.000000,0.981510,376178.000000,9962.826172,102.986763,37286,36864
xtensor,article_snn_recurrent,fsdd,snn-ae,poisson,recurrent,2,1.000000,0.990000,2,43,7096950814052064792,0.120268,0.163766,-0.098520,0.000000,0.000000,0.000000,0.972396,376108.000000,10562.363281,114.556862,37286,36864
xtensor,article_snn_recurrent,fsdd,snn-ae,poisson,recurrent,2,1.500000,0.800000,2,43,7096950814052064792,0.046349,0.061158,-0.023911,0.000000,0.000000,0.000000,0.996094,376290.000000,4264.595703,126.999786,37286,36864
xtensor,article_snn_recurrent,fsdd,snn-ae,poisson,recurrent,2,1.500000,0.900000,2,43,7096950814052064792,0.054147,0.093535,-0.006768,0.000000,0.000000,0.000000,1.000000,376320.000000,17174.939453,250.345459,37286,36864
xtensor,article_snn_recurrent,fsdd,snn-ae,poisson,recurrent,2,1.500000,0.990000,2,43,7096950814052064792,0.076114,0.114396,-0.022641,0.000000,0.000000,0.000000,0.996094,376290.000000,11560.975586,353.372803,37286,36864
xtensor,article_snn_recurrent,fsdd,lstm-ae,poisson,lstm,1,0.000000,0.000000,3,44,7096950814052064792,0.118271,0.272252,-0.043485,0.000000,0.000000,0.000000,0.000000,85238400.000000,448712.312500,1666.051270,120225,8523840
xtensor,article_snn_recurrent,fsdd,snn-ae,poisson,recurrent,2,0.500000,0.800000,3,44,7096950814052064792,0.150359,0.195317,-0.117943,0.000000,0.000000,0.000000,0.961979,376028.000000,8570.480469,116.535645,37286,36864
xtensor,article_snn_recurrent,fsdd,snn-ae,poisson,recurrent,2,0.500000,0.900000,3,44,7096950814052064792,0.176687,0.237442,-0.129251,0.000000,0.000000,0.000000,0.976172,376137.000000,11321.954102,108.278053,37286,36864
xtensor,article_snn_recurrent,fsdd,snn-ae,poisson,recurrent,2,0.500000,0.990000,3,44,7096950814052064792,0.223269,0.330774,-0.195388,0.000000,0.000000,0.000000,0.858594,375234.000000,19256.703125,103.649162,37286,36864
xtensor,article_snn_recurrent,fsdd,snn-ae,poisson,recurrent,2,1.000000,0.800000,3,44,7096950814052064792,0.081668,0.115154,-0.035456,0.000000,0.000000,0.000000,1.000000,376320.000000,11070.558594,106.076370,37286,36864
xtensor,article_snn_recurrent,fsdd,snn-ae,poisson,recurrent,2,1.000000,0.900000,3,44,7096950814052064792,0.094638,0.132406,-0.044339,0.000000,0.000000,0.000000,0.992188,376260.000000,11822.560547,111.190384,37286,36864
xtensor,article_snn_recurrent,fsdd,snn-ae,poisson,recurrent,2,1.000000,0.990000,3,44,7096950814052064792,0.122273,0.151137,-0.125870,0.000000,0.000000,0.000000,0.970833,376096.000000,5035.630371,101.329308,37286,36864
xtensor,article_snn_recurrent,fsdd,snn-ae,poisson,recurrent,2,1.500000,0.800000,3,44,7096950814052064792,0.044493,0.071055,-0.009205,0.000000,0.000000,0.000000,0.996094,376290.000000,9442.016602,142.531281,37286,36864
xtensor,article_snn_recurrent,fsdd,snn-ae,poisson,recurrent,2,1.500000,0.900000,3,44,7096950814052064792,0.052940,0.093243,-0.005937,0.000000,0.000000,0.000000,1.000000,376320.000000,15588.363281,137.032288,37286,36864
xtensor,article_snn_recurrent,fsdd,snn-ae,poisson,recurrent,2,1.500000,0.990000,3,44,7096950814052064792,0.075584,0.121868,-0.017059,0.000000,0.000000,0.000000,0.992188,376260.000000,14705.653320,131.294876,37286,36864
xtensor,article_snn_recurrent,fsdd,lstm-ae,latency,lstm,1,0.000000,0.000000,1,42,7096950814052064792,0.241491,0.486262,0.021277,0.000000,0.000000,0.000000,0.000000,85238400.000000,612978.312500,2305.292725,120225,8523840
xtensor,article_snn_recurrent,fsdd,snn-ae,latency,recurrent,2,0.500000,0.800000,1,42,7096950814052064792,0.103241,0.225018,0.586034,0.000000,0.000000,0.000000,0.919922,375705.000000,16428.699219,85.485550,37286,36864
xtensor,article_snn_recurrent,fsdd,snn-ae,latency,recurrent,2,0.500000,0.900000,1,42,7096950814052064792,0.131381,0.259880,0.474472,0.000000,0.000000,0.000000,0.880729,375404.000000,14814.078125,88.141205,37286,36864
xtensor,article_snn_recurrent,fsdd,snn-ae,latency,recurrent,2,0.500000,0.990000,1,42,7096950814052064792,0.105782,0.231410,0.574970,0.000000,0.000000,0.000000,0.914714,375665.000000,14465.609375,80.912636,37286,36864
xtensor,article_snn_recurrent,fsdd,snn-ae,latency,recurrent,2,1.000000,0.800000,1,42,7096950814052064792,0.213821,0.352431,0.028693,0.000000,0.000000,0.000000,0.788021,374692.000000,15309.765625,84.924683,37286,36864
xtensor,article_snn_recurrent,fsdd,snn-ae,latency,recurrent,2,1.000000,0.900000,1,42,7096950814052064792,0.178446,0.316734,0.239690,0.000000,0.000000,0.000000,0.827474,374995.000000,15932.910156,84.742401,37286,36864
xtensor,article_snn_recurrent,fsdd,snn-ae,latency,recurrent,2,1.000000,0.990000,1,42,7096950814052064792,0.134237,0.263290,0.453341,0.000000,0.000000,0.000000,0.878516,375387.000000,15146.166992,85.463661,37286,36864
xtensor,article_snn_recurrent,fsdd,snn-ae,latency,recurrent,2,1.500000,0.800000,1,42,7096950814052064792,0.185281,0.313031,-0.099749,0.000000,0.000000,0.000000,0.699870,374015.000000,14552.620117,122.017715,37286,36864
xtensor,article_snn_recurrent,fsdd,snn-ae,latency,recurrent,2,1.500000,0.900000,1,42,7096950814052064792,0.198814,0.307779,-0.090548,0.000000,0.000000,0.000000,0.732422,374265.000000,14988.077148,109.355743,37286,36864
xtensor,article_snn_recurrent,fsdd,snn-ae,latency,recurrent,2,1.500000,0.990000,1,42,7096950814052064792,0.181863,0.325146,0.110958,0.000000,0.000000,0.000000,0.827604,374996.000000,15072.997070,122.247925,37286,36864
xtensor,article_snn_recurrent,fsdd,lstm-ae,latency,lstm,1,0.000000,0.000000,2,43,7096950814052064792,0.241491,0.486262,0.021277,0.000000,0.000000,0.000000,0.000000,85238400.000000,540466.562500,2073.520264,120225,8523840
xtensor,article_snn_recurrent,fsdd,snn-ae,latency,recurrent,2,0.500000,0.800000,2,43,7096950814052064792,0.117742,0.249458,0.527890,0.000000,0.000000,0.000000,0.898438,375540.000000,20266.673828,138.554749,37286,36864
xtensor,article_snn_recurrent,fsdd,snn-ae,latency,recurrent,2,0.500000,0.900000,2,43,7096950814052064792,0.104088,0.230201,0.583643,0.000000,0.000000,0.000000,0.910547,375633.000000,20969.669922,115.404579,37286,36864
xtensor,article_snn_recurrent,fsdd,snn-ae,latency,recurrent,2,0.500000,0.990000,2,43,7096950814052064792,0.089785,0.202029,0.639243,0.000000,0.000000,0.000000,0.932161,375799.000000,20638.740234,103.203743,37286,36864
xtensor,article_snn_recurrent,fsdd,snn-ae,latency,recurrent,2,1.000000,0.800000,2,43,7096950814052064792,0.204547,0.342208,0.070820,0.000000,0.000000,0.000000,0.801823,374798.000000,19546.853516,117.835144,37286,36864
xtensor,article_snn_recurrent,fsdd,snn-ae,latency,recurrent,2,1.000000,0.900000,2,43,7096950814052064792,0.184716,0.321402,0.212975,0.000000,0.000000,0.000000,0.840104,375092.000000,19757.855469,108.824806,37286,36864
xtensor,article_snn_recurrent,fsdd,snn-ae,latency,recurrent,2,1.000000,0.990000,2,43,7096950814052064792,0.154290,0.289347,0.371678,0.000000,0.000000,0.000000,0.856380,375217.000000,20897.976562,131.980240,37286,36864
xtensor,article_snn_recurrent,fsdd,snn-ae,latency,recurrent,2,1.500000,0.800000,2,43,7096950814052064792,0.207734,0.271439,-0.233028,0.000000,0.000000,0.000000,0.761719,374490.000000,8800.307617,109.411491,37286,36864
xtensor,article_snn_recurrent,fsdd,snn-ae,latency,recurrent,2,1.500000,0.900000,2,43,7096950814052064792,0.194057,0.306563,-0.064456,0.000000,0.000000,0.000000,0.757812,374460.000000,20273.386719,237.484451,37286,36864
xtensor,article_snn_recurrent,fsdd,snn-ae,latency,recurrent,2,1.500000,0.990000,2,43,7096950814052064792,0.201283,0.337767,0.016020,0.000000,0.000000,0.000000,0.794661,374743.000000,20224.523438,228.802994,37286,36864
xtensor,article_snn_recurrent,fsdd,lstm-ae,latency,lstm,1,0.000000,0.000000,3,44,7096950814052064792,0.241491,0.486262,0.021277,0.000000,0.000000,0.000000,0.000000,85238400.000000,546294.125000,1895.912109,120225,8523840
xtensor,article_snn_recurrent,fsdd,snn-ae,latency,recurrent,2,0.500000,0.800000,3,44,7096950814052064792,0.121047,0.254518,0.514638,0.000000,0.000000,0.000000,0.897005,375529.000000,20264.355469,111.265968,37286,36864
xtensor,article_snn_recurrent,fsdd,snn-ae,latency,recurrent,2,0.500000,0.900000,3,44,7096950814052064792,0.110869,0.237974,0.556520,0.000000,0.000000,0.000000,0.899089,375545.000000,20332.308594,111.422279,37286,36864
xtensor,article_snn_recurrent,fsdd,snn-ae,latency,recurrent,2,0.500000,0.990000,3,44,7096950814052064792,0.096109,0.215275,0.613836,0.000000,0.000000,0.000000,0.916927,375682.000000,19941.425781,110.355934,37286,36864
xtensor,article_snn_recurrent,fsdd,snn-ae,latency,recurrent,2,1.000000,0.800000,3,44,7096950814052064792,0.178310,0.325878,0.190002,0.000000,0.000000,0.000000,0.833854,375044.000000,20299.400391,115.498238,37286,36864
xtensor,article_snn_recurrent,fsdd,snn-ae,latency,recurrent,2,1.000000,0.900000,3,44,7096950814052064792,0.180661,0.324487,0.230253,0.000000,0.000000,0.000000,0.833333,375040.000000,20124.089844,193.796860,37286,36864
xtensor,article_snn_recurrent,fsdd,snn-ae,latency,recurrent,2,1.000000,0.990000,3,44,7096950814052064792,0.132024,0.262676,0.462353,0.000000,0.000000,0.000000,0.883464,375425.000000,20645.552734,113.599380,37286,36864
xtensor,article_snn_recurrent,fsdd,snn-ae,latency,recurrent,2,1.500000,0.800000,3,44,7096950814052064792,0.175979,0.298006,-0.044539,0.000000,0.000000,0.000000,0.727604,374228.000000,20214.935547,105.840889,37286,36864
xtensor,article_snn_recurrent,fsdd,snn-ae,latency,recurrent,2,1.500000,0.900000,3,44,7096950814052064792,0.193748,0.308025,-0.062759,0.000000,0.000000,0.000000,0.742057,374339.000000,19827.898438,108.576378,37286,36864
xtensor,article_snn_recurrent,fsdd,snn-ae,latency,recurrent,2,1.500000,0.990000,3,44,7096950814052064792,0.223881,0.346034,-0.094450,0.000000,0.000000,0.000000,0.755599,374443.000000,21165.337891,108.915245,37286,36864
