born_generation,depth,latent,encoder_widths,encoding,time_steps,voltage_threshold,winning_seed_offset,alpha,beta,g1,g2,d_truth,d_penalized_mean,d_penalized_std,latent_activity,param_count,inference_cost,est_latency_ms,feasible,constraint_violation
0,5,19,77-76-58-20-19,direct,1,1,1,0.0700143,0.969827,-0.899813,0.0398416,1.90023,1.92992,0.00850669,0.695245,63761,31512,0.063024,1,0
0,6,1,121-107-93-28-24-1,poisson,16,0.2,2,0.116039,0.939418,-0.823379,0.0554572,1.82422,1.88111,0.0216911,0.0861735,115351,914784,1.82957,1,0
0,2,68,79-68,direct,1,1,2,0.263,0.936434,-0.673434,0.199434,1.68528,1.80466,0.00211009,0.514087,51674,25596,0.051192,1,0
0,1,38,38,poisson,16,0.2,1,0.238205,0.92728,-0.689075,0.165485,1.69716,1.79801,0.004885,0.217018,19750,155648,0.311296,1,0
0,3,66,126-76-66,latency,16,0.2,2,0.263735,0.935175,-0.67144,0.19891,1.68323,1.80339,0.00343268,0.381152,94422,749568,1.49914,1,0
0,3,2,122-9-2,poisson,16,0.2,0,0.0857199,0.92004,-0.83432,0.00575958,1.83433,1.86902,0.0279351,0.619579,65216,517568,1.03514,1,0
0,5,5,117-51-34-23-5,direct,1,1,2,0.0569255,0.971799,-0.914873,0.0287244,1.91509,1.95099,0.0266878,0.681905,77811,38550,0.0771,1,0
0,2,55,67-55,direct,1,1,2,0.258905,0.937795,-0.678889,0.1967,1.69037,1.80737,0.00167567,0.455065,42119,20837,0.041674,1,0
0,6,51,119-118-115-94-77-51,direct,1,1,1,0,0.988899,-0.988899,-0.0111007,1.98893,1.99848,0.00215295,0.112496,161455,80051,0.160102,1,0
0,6,35,109-96-70-50-42-35,poisson,16,0.2,1,0.0542218,0.925828,-0.871606,-0.0199505,1.87171,1.89255,0.00748172,1.03887,105341,834528,1.66906,1,0
0,2,22,103-22,direct,1,1,0,0.249637,0.9367,-0.687063,0.186338,1.69732,1.81073,0.00301807,0.498757,57752,28634,0.057268,1,0
0,2,1,38-1,direct,1,1,1,0,0.953307,-0.953307,-0.0466931,1.95386,1.985,0.00269394,0.468099,19865,9766,0.019532,1,0
0,3,9,43-13-9,latency,16,0.2,1,0.16927,0.915741,-0.746471,0.0850104,1.74854,1.82283,0.018695,0.200956,23745,186944,0.373888,1,0
0,4,36,114-72-61-36,latency,16,0.2,0,0.226849,0.924816,-0.697967,0.151666,1.70473,1.80229,0.00682781,0.342584,88746,703680,1.40736,1,0
0,5,31,109-98-93-72-31,poisson,16,0.2,2,0.0829454,0.916914,-0.833969,-0.000140439,1.83397,1.83937,0.00376181,1.05195,114287,906048,1.8121,1,0
0,1,4,4,latency,16,0.2,0,0.153719,0.911905,-0.758185,0.0656241,1.75941,1.80483,0.00655915,0.118295,2308,16384,0.032768,1,0
0,6,18,97-78-70-53-32-18,direct,1,1,2,0.0656404,0.975051,-0.909411,0.0406919,1.90984,1.95929,0.0291056,0.806954,88614,43840,0.08768,1,0
0,1,77,77,direct,1,1,1,0.27504,0.933266,-0.658226,0.208307,1.67126,1.79539,0.0016283,0.188747,39757,19712,0.039424,1,0
0,4,16,115-104-42-16,latency,16,0.2,0,0.228009,0.925422,-0.697412,0.153431,1.70433,1.81266,0.0131131,0.418592,93674,743040,1.48608,1,0
0,1,35,35,direct,1,1,0,0.249887,0.92387,-0.673983,0.173757,1.68298,1.79087,0.00551988,0.170113,18211,8960,0.01792,1,0
0,3,29,89-63-29,direct,1,1,2,0.223308,0.939965,-0.716658,0.163273,1.7244,1.82491,0.00417589,0.729407,61025,30218,0.060436,1,0
0,2,22,121-22,direct,1,1,0,0.233904,0.931596,-0.697692,0.1655,1.70574,1.80579,0.00308511,0.556339,67796,33638,0.067276,1,0
0,6,32,92-90-64-39-33-32,direct,1,1,0,0,0.988814,-0.988814,-0.0111855,1.98885,1.99847,0.00216928,0.126848,85786,42431,0.084862,1,0
0,1,35,35,latency,16,0.2,0,0.216432,0.920877,-0.704445,0.137309,1.70997,1.79459,0.00378013,0.214911,18211,143360,0.28672,1,0
0,5,19,127-68-63-58-19,latency,16,0.2,1,0.171152,0.913005,-0.741852,0.0841572,1.74388,1.80387,0.00792941,0.232141,101283,803008,1.60602,1,0
0,3,61,126-81-61,latency,16,0.2,2,0.266646,0.933626,-0.66698,0.200272,1.67897,1.80117,0.00487472,0.392895,95537,758448,1.5169,1,0
0,5,12,107-103-42-20-12,latency,16,0.2,0,0.154532,0.912324,-0.757792,0.0668553,1.75906,1.80819,0.00735966,0.218385,88450,701104,1.40221,1,0
0,5,3,104-92-66-29-3,direct,1,1,1,0.0620636,0.975794,-0.91373,0.0378573,1.9141,1.94828,0.010068,1.20215,89371,44265,0.08853,1,0
0,3,67,120-108-67,direct,1,1,2,0.243639,0.931183,-0.687544,0.174823,1.69658,1.80433,0.00378214,0.709201,102611,50916,0.101832,1,0
0,2,30,85-30,direct,1,1,0,0.243243,0.930154,-0.686911,0.173398,1.6958,1.80565,0.00659741,0.501868,49076,24310,0.04862,1,0
0,2,45,90-45,poisson,16,0.2,1,0.277906,0.938089,-0.660183,0.215995,1.67418,1.80363,0.00291399,0.284852,54661,433440,0.86688,1,0
0,6,52,114-113-109-100-83-52,direct,1,1,1,0.14018,0.977325,-0.837145,0.117505,1.8409,1.9686,0.0416576,0.161002,157144,77899,0.155798,1,0
1,2,67,72-67,direct,1,1,1,0.267065,0.937732,-0.670667,0.204797,1.68317,1.80644,0.00273073,0.473858,46979,23256,0.046512,1,0
1,1,122,122,direct,1,1,1,0.292297,0.93638,-0.644083,0.228677,1.65991,1.79715,0.00263685,0.200045,62842,31232,0.062464,1,0
1,1,92,92,direct,1,1,0,0.281866,0.933388,-0.651522,0.215254,1.66549,1.79612,0.00321115,0.19575,47452,23552,0.047104,1,0
1,2,93,103-93,latency,16,0.2,2,0.266314,0.936026,-0.669711,0.20234,1.68193,1.80178,0.000960113,0.32409,72449,575152,1.1503,1,0
1,6,25,116-115-82-72-34-25,latency,16,0.2,1,0.129582,0.906915,-0.777333,0.0364973,1.77771,1.80533,0.00502237,0.260672,124455,986688,1.97338,1,0
1,6,25,116-113-82-72-45-25,latency,16,0.2,0,0.170503,0.910011,-0.739507,0.0805138,1.74137,1.79987,0.010179,0.257357,125815,997424,1.99485,1,0
1,5,30,126-67-48-34-30,direct,1,1,0,0.148767,0.959295,-0.810528,0.108061,1.81375,1.89634,0.0137964,0.719223,93968,46566,0.093132,1,0
1,1,12,12,latency,16,0.2,1,0.153622,0.911354,-0.757731,0.0649758,1.75893,1.80554,0.00634104,0.149569,6412,49152,0.098304,1,0
1,2,55,67-55,poisson,16,0.2,2,0.267236,0.937602,-0.670366,0.204838,1.68288,1.80436,0.001926,0.277373,42119,333392,0.666784,1,0
1,3,23,83-66-23,latency,16,0.2,0,0.239203,0.930579,-0.691376,0.169781,1.69988,1.8057,0.00621894,0.394509,57065,451904,0.903808,1,0
1,2,38,94-38,direct,1,1,2,0.267178,0.933549,-0.666371,0.200728,1.67842,1.80232,0.00874515,0.488718,55754,27636,0.055272,1,0
1,1,111,111,latency,16,0.2,0,0.279823,0.935046,-0.655223,0.214869,1.66911,1.79588,0.00076653,0.214563,57199,454656,0.909312,1,0
1,3,61,126-81-61,poisson,16,0.2,2,0.258927,0.935103,-0.676176,0.19403,1.68737,1.8015,0.000356906,0.46973,95537,758448,1.5169,1,0
1,1,66,66,latency,16,0.2,2,0.271486,0.932205,-0.660719,0.203691,1.67316,1.79583,0.0034877,0.216903,34114,270336,0.540672,1,0
1,1,127,127,latency,16,0.2,1,0.28048,0.935777,-0.655297,0.216256,1.66936,1.79731,0.00173096,0.212577,65407,520192,1.04038,1,0
1,3,44,119-108-44,latency,16,0.2,1,0.285018,0.934367,-0.64935,0.219385,1.66388,1.79661,0.00547449,0.425704,96890,769088,1.53818,1,0
1,3,61,117-81-61,poisson,16,0.2,0,0.267177,0.932932,-0.665755,0.200109,1.67773,1.79873,0.00268234,0.444295,89453,709920,1.41984,1,0
1,3,67,119-108-67,latency,16,0.2,2,0.26271,0.932512,-0.669802,0.195222,1.68118,1.80294,0.00530037,0.401736,101881,808832,1.61766,1,0
1,4,1,105-55-46-1,poisson,16,0.2,1,0.0172612,0.896825,-0.879564,-0.0859134,1.88153,1.95137,0.0150661,1.12944,71131,563696,1.12739,1,0
1,5,67,126-108-72-68-67,direct,1,1,1,0.137476,0.950225,-0.812749,0.087701,1.81487,1.8787,0.0115527,0.705023,127255,63092,0.126184,1,0
1,2,6,109-6,poisson,16,0.2,2,0.240488,0.930004,-0.689516,0.170492,1.6981,1.80969,0.00891833,0.298104,57596,456928,0.913856,1,0
1,3,2,59-30-2,poisson,16,0.2,1,0.156936,0.904762,-0.747826,0.061698,1.74891,1.80596,0.0169037,0.479491,34304,270944,0.541888,1,0
1,2,90,115-90,latency,16,0.2,2,0.276454,0.938175,-0.661721,0.214628,1.67552,1.80604,0.00345302,0.313346,80156,636640,1.27328,1,0
1,3,67,120-108-67,latency,16,0.2,2,0.268042,0.934348,-0.666306,0.20239,1.67855,1.79831,0.00096178,0.39823,102611,814656,1.62931,1,0
1,6,2,122-73-39-13-3-2,poisson,16,0.2,0,1,1,0,1,1.41421,2,0,0,87832,696592,1.39318,0,1
1,3,61,126-91-61,latency,16,0.2,1,0.25741,0.934476,-0.677066,0.191886,1.68801,1.80267,0.00260004,0.396065,99297,788368,1.57674,1,0
1,6,15,108-99-67-62-27-15,latency,16,0.2,1,0.171474,0.909709,-0.738235,0.0811835,1.74013,1.80216,0.0102827,0.229805,103409,819296,1.63859,1,0
1,1,76,76,latency,16,0.2,0,0.264262,0.931612,-0.66735,0.195874,1.67882,1.79834,0.00360886,0.213221,39244,311296,0.622592,1,0
1,4,5,73-67-24-5,latency,16,0.2,0,0.0941709,0.90172,-0.807549,-0.00410949,1.80755,1.81405,0.00389559,0.309774,51203,404912,0.809824,1,0
2,1,30,30,direct,1,1,2,0.272846,0.927491,-0.654645,0.200338,1.66673,1.79173,0.00542554,0.152711,15646,7680,0.01536,1,0
2,2,21,80-21,poisson,16,0.2,1,0.261085,0.937176,-0.676091,0.19826,1.68778,1.80788,0.00316941,0.286713,44757,354560,0.70912,1,0
2,2,101,126-101,poisson,16,0.2,1,0.285194,0.939862,-0.654668,0.225056,1.6699,1.80358,0.00164161,0.297429,90573,719712,1.43942,1,0
2,5,16,115-59-28-24-16,poisson,16,0.2,1,0.128507,0.922049,-0.793542,0.0505554,1.79425,1.84822,0.0172568,0.691188,78590,622928,1.24586,1,0
2,4,1,105-49-46-1,poisson,16,0.2,0,0.0147547,0.898942,-0.884187,-0.0863035,1.88616,1.94882,0.0085756,1.81652,69307,549200,1.0984,1,0
2,1,106,106,poisson,16,0.2,1,0.276136,0.93797,-0.661834,0.214107,1.67557,1.80343,0.00197733,0.257225,54634,434176,0.868352,1,0
2,6,15,119-76-62-44-27-15,latency,16,0.2,0,0.137037,0.912205,-0.775167,0.049242,1.77585,1.81646,0.0148401,0.246537,98009,776656,1.55331,1,0
2,1,92,92,latency,16,0.2,0,0.272028,0.933664,-0.661636,0.205692,1.67432,1.7977,0.00204701,0.217229,47452,376832,0.753664,1,0
2,2,30,126-30,direct,1,1,2,0.260159,0.934987,-0.674828,0.195146,1.68616,1.80363,0.00239257,0.534947,72610,36036,0.072072,1,0
2,3,6,122-58-6,direct,1,1,0,0.146013,0.92586,-0.779847,0.071873,1.7813,1.83553,0.00867749,0.856656,77934,38656,0.077312,1,0
2,1,102,102,poisson,16,0.2,1,0.287537,0.937671,-0.650134,0.225208,1.66543,1.80156,0.00427737,0.253104,52582,417792,0.835584,1,0
2,2,125,126-125,direct,1,1,0,0.288641,0.939246,-0.650604,0.227887,1.66626,1.80195,0.00274229,0.511696,96645,48006,0.096012,1,0
2,5,21,120-113-104-80-21,direct,1,1,0,0.0818574,0.953288,-0.871431,0.0351454,1.87176,1.89444,0.0028209,1.19782,133175,66032,0.132064,1,0
2,1,67,67,latency,16,0.2,1,0.262688,0.931166,-0.668477,0.193854,1.6797,1.7958,0.00183421,0.214474,34627,274432,0.548864,1,0
2,3,44,119-81-44,latency,16,0.2,1,0.245269,0.933075,-0.687805,0.178344,1.6972,1.8069,0.00381643,0.398321,88034,698672,1.39734,1,0
2,4,3,94-81-61-3,poisson,16,0.2,2,0.077887,0.916755,-0.838868,-0.00535817,1.83888,1.86852,0.0189064,1.28618,74335,588832,1.17766,1,0
2,1,39,39,direct,1,1,1,0.248141,0.928507,-0.680366,0.176648,1.68963,1.79682,0.00339381,0.164061,20263,9984,0.019968,1,0
2,1,10,10,latency,16,0.2,1,0.143488,0.912143,-0.768655,0.0556306,1.76953,1.81756,0.0140955,0.153741,5386,40960,0.08192,1,0
2,1,68,68,direct,1,1,0,0.284086,0.935572,-0.651486,0.219658,1.66603,1.79648,0.00228836,0.180257,35140,17408,0.034816,1,0
2,2,4,33-4,direct,1,1,1,0.126093,0.937963,-0.81187,0.0640555,1.813,1.86942,0.0211692,0.391199,17486,8580,0.01716,1,0
2,2,16,26-16,direct,1,1,0,0.150541,0.934342,-0.783801,0.0848831,1.78582,1.84441,0.00740174,0.424018,14468,7072,0.014144,1,0
2,2,58,72-58,direct,1,1,1,0.259355,0.93511,-0.675755,0.194465,1.687,1.80313,0.00240947,0.498442,45674,22608,0.045216,1,0
2,4,1,55-49-46-1,direct,1,1,0,0,0.951587,-0.951587,-0.0484127,1.95219,1.98496,0.00311714,1.2608,38707,19075,0.03815,1,0
2,4,51,108-94-61-51,poisson,16,0.2,0,0.200835,0.928616,-0.727781,0.129451,1.73262,1.81177,0.00342283,0.648433,94123,746320,1.49264,1,0
2,1,16,16,latency,16,0.2,1,0.192201,0.916997,-0.724796,0.109198,1.72825,1.79994,0.0102028,0.159211,8464,65536,0.131072,1,0
2,6,16,115-103-59-28-24-16,poisson,16,0.2,1,0.0636751,0.929464,-0.865789,-0.00686058,1.8658,1.8797,0.00968464,0.931675,101070,801120,1.60224,1,0
3,1,30,30,latency,16,0.2,0,0.207735,0.923377,-0.715642,0.131112,1.72065,1.79914,0.0020532,0.19732,15646,122880,0.24576,1,0
3,4,1,105-102-49-1,direct,1,1,2,0,0.972751,-0.972751,-0.0272487,1.97294,1.9912,0.00249983,1.17888,86043,42637,0.085274,1,0
3,2,47,77-47,direct,1,1,1,0.253828,0.935593,-0.681766,0.189421,1.6924,1.80488,0.00121324,0.517855,47119,23331,0.046662,1,0
3,1,77,77,poisson,16,0.2,2,0.272003,0.936195,-0.664192,0.208199,1.67716,1.79964,0.00048806,0.250211,39757,315392,0.630784,1,0
3,1,126,126,poisson,16,0.2,0,0.269975,0.93897,-0.668995,0.208945,1.68202,1.80639,0.00252167,0.254011,64894,516096,1.03219,1,0
3,4,24,77-76-33-24,latency,16,0.2,2,0.192369,0.914925,-0.722556,0.107294,1.72589,1.8021,0.0109476,0.316558,58380,461824,0.923648,1,0
3,1,70,70,latency,16,0.2,0,0.265475,0.932566,-0.667091,0.198041,1.67881,1.7968,0.00144978,0.209807,36166,286720,0.57344,1,0
3,1,72,72,direct,1,1,0,0.282105,0.932775,-0.65067,0.214879,1.6646,1.79256,0.00238355,0.18373,37192,18432,0.036864,1,0
3,5,30,85-68-67-34-30,direct,1,1,2,0.13477,0.953898,-0.819128,0.0886676,1.82129,1.88587,0.0134651,0.747434,71582,35394,0.070788,1,0
3,2,30,120-30,direct,1,1,0,0.266652,0.934541,-0.66789,0.201193,1.67998,1.80375,0.00428718,0.56499,69166,34320,0.06864,1,0
3,2,30,77-30,direct,1,1,0,0.255955,0.93302,-0.677065,0.188975,1.68768,1.80256,0.00555245,0.506275,44484,22022,0.044044,1,0
3,4,65,92-84-66-65,latency,16,0.2,1,0.244365,0.928472,-0.684107,0.172836,1.69295,1.79707,0.00230188,0.329406,83033,657824,1.31565,1,0
3,4,25,109-72-58-25,direct,1,1,2,0.161936,0.943005,-0.781069,0.104941,1.78416,1.85031,0.0038456,0.701265,83515,41378,0.082756,1,0
3,2,125,126-125,latency,16,0.2,0,0.279499,0.938067,-0.658568,0.217566,1.67278,1.80327,0.00219798,0.321432,96645,768096,1.53619,1,0
3,2,98,120-98,direct,1,1,2,0.274604,0.937983,-0.66338,0.212587,1.67691,1.80445,0.00265573,0.490622,85554,42480,0.08496,1,0
3,4,65,126-84-66-65,direct,1,1,2,0.175942,0.942487,-0.766545,0.118428,1.77051,1.84665,0.00776809,0.797007,106221,52674,0.105348,1,0
3,3,5,125-73-5,direct,1,1,1,0.156461,0.93328,-0.776819,0.0897414,1.77908,1.83997,0.00620244,0.957915,83637,41490,0.08298,1,0
3,5,5,65-45-36-7-5,latency,16,0.2,0,0.112135,0.911614,-0.799479,0.0237484,1.79964,1.82051,0.00897514,0.157293,43511,343552,0.687104,1,0
3,2,35,78-35,latency,16,0.2,1,0.267986,0.934289,-0.666303,0.202275,1.67854,1.7988,0.00135984,0.272286,45843,363168,0.726336,1,0
3,2,64,67-64,poisson,16,0.2,2,0.272341,0.936969,-0.664628,0.20931,1.67774,1.80587,0.0047274,0.286911,43334,343040,0.68608,1,0
3,4,24,77-76-33-24,direct,1,1,2,0.119438,0.951935,-0.832496,0.0713728,1.83389,1.87756,0.00132034,0.693184,58380,28864,0.057728,1,0
3,5,7,84-66-65-54-7,direct,1,1,1,0.0869567,0.947014,-0.860058,0.033971,1.86037,1.89938,0.0147429,0.906113,71253,35226,0.070452,1,0
3,1,66,66,direct,1,1,0,0.2591,0.930834,-0.671734,0.189934,1.68249,1.7988,0.00458252,0.184249,34114,16896,0.033792,1,0
3,1,18,18,direct,1,1,1,0.200089,0.919327,-0.719237,0.119416,1.72338,1.79925,0.0049218,0.145454,9490,4608,0.009216,1,0
3,4,24,76-35-33-24,poisson,16,0.2,1,0.154311,0.918756,-0.764444,0.0730666,1.76596,1.81323,0.00317113,0.634138,48694,385008,0.770016,1,0
3,6,5,65-53-45-36-7-5,poisson,16,0.2,0,0.0576815,0.923598,-0.865916,-0.0187206,1.86601,1.92724,0.0387034,0.406564,49427,390032,0.780064,1,0
3,2,51,73-51,direct,1,1,0,0.245277,0.933232,-0.687955,0.178509,1.69737,1.80325,0.000997203,0.49082,45275,22411,0.044822,1,0
3,3,44,94-81-44,latency,16,0.2,0,0.270059,0.93434,-0.664282,0.204399,1.67679,1.80168,0.00444058,0.376492,71134,563872,1.12774,1,0
4,2,43,66-43,poisson,16,0.2,1,0.265825,0.93593,-0.670105,0.201754,1.68225,1.80441,0.00293087,0.284028,39899,315744,0.631488,1,0
4,4,1,102-92-91-1,direct,1,1,1,0.00205393,0.965212,-0.963158,-0.0327344,1.96343,1.98728,0.00439684,2.51499,88745,43959,0.087918,1,0
4,4,39,84-66-65-39,direct,1,1,2,0.174873,0.950017,-0.775144,0.12489,1.77953,1.86321,0.011216,0.82277,68471,33873,0.067746,1,0
4,2,24,30-24,direct,1,1,2,0.210141,0.934722,-0.724581,0.144864,1.73065,1.81986,0.00309712,0.413394,17140,8400,0.0168,1,0
4,4,1,55-49-46-1,poisson,16,0.2,0,0.023153,0.908466,-0.885313,-0.0683814,1.88655,1.94442,0.0125974,1.74107,38707,305200,0.6104,1,0
4,1,105,105,poisson,16,0.2,1,0.280474,0.938621,-0.658147,0.219094,1.67256,1.80218,0.000935784,0.256821,54121,430080,0.86016,1,0
4,3,32,125-67-32,direct,1,1,2,0.231078,0.931424,-0.700345,0.162502,1.70809,1.80804,0.0033956,0.763061,85710,42519,0.085038,1,0
4,2,51,67-51,latency,16,0.2,0,0.264997,0.933512,-0.668515,0.198509,1.68028,1.80186,0.00380085,0.301786,41579,329104,0.658208,1,0
4,4,65,92-84-66-65,direct,1,1,2,0.18902,0.944697,-0.755677,0.133717,1.76076,1.84279,0.00375136,0.633022,83033,41114,0.082228,1,0
4,1,26,26,latency,16,0.2,1,0.19818,0.919012,-0.720832,0.117192,1.72482,1.80082,0.00525915,0.191237,13594,106496,0.212992,1,0
4,5,27,84-66-65-39-27,direct,1,1,0,0.117101,0.955972,-0.838871,0.0730731,1.84032,1.89071,0.00647127,0.824634,70643,34926,0.069852,1,0
4,6,1,105-78-55-49-46-1,direct,1,1,0,0,0.989683,-0.989683,-0.0103175,1.98971,1.99717,0.002002,0.0612072,89633,44355,0.08871,1,0
4,6,5,53-45-36-35-7-5,poisson,16,0.2,0,0.0828497,0.925926,-0.843076,0.00877566,1.8431,1.89514,0.0356674,0.507413,38839,305808,0.611616,1,0
4,1,36,36,poisson,16,0.2,1,0.229981,0.925452,-0.695471,0.155432,1.70258,1.79882,0.0037006,0.223507,18724,147456,0.294912,1,0
4,1,128,128,direct,1,1,0,0.290782,0.935916,-0.645134,0.226698,1.66068,1.79605,0.00328191,0.198591,65920,32768,0.065536,1,0
4,1,100,100,direct,1,1,1,0.290788,0.934229,-0.643441,0.225017,1.65877,1.79455,0.00316636,0.195416,51556,25600,0.0512,1,0
4,1,63,63,latency,16,0.2,2,0.265788,0.932069,-0.666281,0.197858,1.67799,1.79577,0.00132949,0.216233,32575,258048,0.516096,1,0
4,4,24,76-35-33-24,latency,16,0.2,0,0.240987,0.92565,-0.684664,0.166637,1.69289,1.80226,0.00874811,0.199563,48694,385008,0.770016,1,0
4,1,36,36,latency,16,0.2,1,0.225217,0.923104,-0.697887,0.148321,1.70435,1.79931,0.00599137,0.195431,18724,147456,0.294912,1,0
4,1,96,96,direct,1,1,2,0.282894,0.934798,-0.651904,0.217692,1.66619,1.79527,0.00126717,0.195129,49504,24576,0.049152,1,0
4,1,8,8,direct,1,1,2,0.235803,0.925198,-0.689395,0.161002,1.69705,1.79366,0.0017644,0.111752,4360,2048,0.004096,1,0
5,1,125,125,direct,1,1,0,0.286033,0.936006,-0.649973,0.22204,1.66485,1.79688,0.00205109,0.197501,64381,32000,0.064,1,0
5,5,65,104-92-84-66-65,direct,1,1,1,0.128471,0.95579,-0.827319,0.0842603,1.82926,1.88188,0.00245727,0.767235,108521,53754,0.107508,1,0
5,2,16,92-16,latency,16,0.2,0,0.248923,0.936772,-0.687849,0.185696,1.69803,1.80918,0.00201229,0.32977,50504,400384,0.800768,1,0
5,2,16,92-16,direct,1,1,0,0.245028,0.935607,-0.690579,0.180635,1.7002,1.81179,0.00414018,0.491663,50504,25024,0.050048,1,0
5,3,16,92-72-16,direct,1,1,0,0.208831,0.930605,-0.721774,0.139436,1.72741,1.81508,0.00500336,0.853546,63256,31328,0.062656,1,0
5,2,77,85-77,direct,1,1,1,0.266769,0.937154,-0.670385,0.203923,1.68279,1.80267,0.00031997,0.487659,57113,28305,0.05661,1,0
5,3,12,26-16-12,poisson,16,0.2,0,0.178259,0.921572,-0.743313,0.0998312,1.74617,1.82126,0.015899,0.175455,14880,116224,0.232448,1,0
5,1,65,65,direct,1,1,1,0.274502,0.932507,-0.658005,0.207009,1.67088,1.79478,0.00194292,0.185084,33601,16640,0.03328,1,0
5,1,8,8,latency,16,0.2,2,0.184067,0.920751,-0.736683,0.104818,1.73984,1.80307,0.00150333,0.12567,4360,32768,0.065536,1,0
5,3,1,55-46-1,direct,1,1,2,0.0496496,0.964286,-0.914636,0.0139353,1.91469,1.96068,0.0268249,1.00052,33771,16656,0.033312,1,0
5,2,30,126-30,poisson,16,0.2,1,0.268941,0.937628,-0.668687,0.206569,1.68142,1.80903,0.00471561,0.328033,72610,576576,1.15315,1,0
5,2,2,77-2,direct,1,1,1,0.0897283,0.928704,-0.838975,0.018432,1.83907,1.85932,0.0122702,0.511965,40144,19866,0.039732,1,0
5,2,11,102-11,direct,1,1,0,0.248538,0.930592,-0.682053,0.17913,1.69156,1.802,0.00460423,0.45724,54939,27234,0.054468,1,0
5,2,24,30-24,poisson,16,0.2,2,0.253108,0.929508,-0.6764,0.182617,1.68632,1.80247,0.00773106,0.203389,17140,134400,0.2688,1,0
5,6,1,105-78-55-49-46-1,poisson,16,0.2,1,0.0015173,0.936508,-0.934991,-0.0619748,1.93598,1.98804,0.0116268,1.49065,89633,709680,1.41936,1,0
5,1,84,84,direct,1,1,2,0.278531,0.933211,-0.65468,0.211741,1.66817,1.7964,0.00301849,0.194606,43348,21504,0.043008,1,0
5,2,24,30-24,latency,16,0.2,2,0.243903,0.933548,-0.689645,0.177451,1.69894,1.80381,0.00130176,0.221708,17140,134400,0.2688,1,0
5,1,116,116,direct,1,1,0,0.290229,0.936881,-0.646652,0.22711,1.66224,1.79734,0.00145605,0.198709,59764,29696,0.059392,1,0
5,4,25,72-67-58-25,direct,1,1,1,0.162476,0.953037,-0.790561,0.115513,1.79428,1.86543,0.00489563,0.811462,57859,28592,0.057184,1,0
5,5,23,123-72-35-33-23,latency,16,0.2,0,0.137381,0.90777,-0.770389,0.0451506,1.77096,1.8055,0.00581484,0.21338,90361,716448,1.4329,1,0
5,1,81,81,direct,1,1,2,0.294602,0.933203,-0.6386,0.227805,1.65436,1.79358,0.00511745,0.19098,41809,20736,0.041472,1,0
5,1,87,87,direct,1,1,1,0.286909,0.934217,-0.647307,0.221126,1.66208,1.79472,0.00232797,0.192678,44887,22272,0.044544,1,0
6,5,30,78-55-49-46-30,direct,1,1,2,0.0995209,0.954969,-0.855448,0.05449,1.85625,1.89912,0.00934268,0.831001,61916,30587,0.061174,1,0
6,2,16,40-16,latency,16,0.2,1,0.257994,0.92934,-0.671346,0.187334,1.68181,1.80283,0.00799298,0.252262,22112,174080,0.34816,1,0
6,2,26,66-26,direct,1,1,0,0.242148,0.933323,-0.691175,0.175471,1.70025,1.80843,0.00449176,0.475904,37638,18612,0.037224,1,0
6,6,1,105-78-58-55-46-1,poisson,16,0.2,1,0.000426494,0.920899,-0.920473,-0.078674,1.92208,1.98548,0.0131432,1.9655,91661,725760,1.45152,1,0
6,2,16,42-16,direct,1,1,0,0.208573,0.937467,-0.728894,0.14604,1.73505,1.82694,0.00727976,0.456644,23204,11424,0.022848,1,0
6,5,39,84-76-66-65-39,direct,1,1,2,0.119949,0.951682,-0.831733,0.0716317,1.83313,1.88159,0.00671044,0.862961,80335,39729,0.079458,1,0
6,2,16,77-16,direct,1,1,2,0.25659,0.930737,-0.674148,0.187327,1.6846,1.80354,0.00740494,0.503737,42314,20944,0.041888,1,0
6,1,21,21,latency,16,0.2,1,0.201793,0.919589,-0.717796,0.121383,1.72208,1.79544,0.00195175,0.169707,11029,86016,0.172032,1,0
6,1,4,4,direct,1,1,1,0.221703,0.916005,-0.694303,0.137708,1.69989,1.79677,0.0166953,0.108197,2308,1024,0.002048,1,0
6,2,42,66-42,latency,16,0.2,1,0.250826,0.933951,-0.683125,0.184776,1.69324,1.80256,0.0009211,0.302346,39766,314688,0.629376,1,0
6,1,2,2,direct,1,1,0,0.189002,0.94041,-0.751408,0.129412,1.75618,1.84053,0.00638155,0.0642089,1282,512,0.001024,1,0
6,2,3,30-3,direct,1,1,1,0.147153,0.949383,-0.80223,0.0965357,1.80481,1.87597,0.0180687,0.405886,15859,7770,0.01554,1,0
6,2,30,77-30,latency,16,0.2,1,0.26585,0.937632,-0.671782,0.203483,1.68412,1.80618,0.00295925,0.304174,44484,352352,0.704704,1,0
6,5,1,105-55-49-46-1,poisson,16,0.2,1,0.00792073,0.908201,-0.90028,-0.0838782,1.90213,1.9627,0.00878247,2.15386,76067,602400,1.2048,1,0
6,2,26,58-26,direct,1,1,0,0.228981,0.936335,-0.707354,0.165316,1.71534,1.81525,0.00236762,0.402525,33110,16356,0.032712,1,0
6,1,76,76,direct,1,1,0,0.278569,0.934157,-0.655588,0.212725,1.6692,1.79658,0.00217472,0.18865,39244,19456,0.038912,1,0
7,1,64,64,direct,1,1,2,0.265453,0.932695,-0.667242,0.198148,1.67898,1.79658,0.00138333,0.189751,33088,16384,0.032768,1,0
7,3,16,105-41-16,direct,1,1,2,0.167981,0.933738,-0.765757,0.10172,1.76868,1.83232,0.00293373,0.670741,64246,31841,0.063682,1,0
7,1,73,73,direct,1,1,0,0.28239,0.934832,-0.652442,0.217222,1.66666,1.79531,0.00109095,0.184914,37705,18688,0.037376,1,0
7,5,65,100-97-80-66-65,direct,1,1,0,0.130561,0.952483,-0.821922,0.0830433,1.82381,1.88203,0.00808708,0.810816,106267,52630,0.10526,1,0
7,4,28,97-65-35-28,direct,1,1,0,0.144561,0.952934,-0.808373,0.0974948,1.811,1.87569,0.00546052,0.73913,69462,34392,0.068784,1,0
7,4,24,72-35-33-24,latency,16,0.2,2,0.219002,0.924994,-0.705992,0.143997,1.71206,1.80074,0.00334698,0.191663,46358,366384,0.732768,1,0
7,2,97,113-97,latency,16,0.2,0,0.27178,0.935969,-0.66419,0.207749,1.67711,1.80112,0.00176052,0.319882,80357,638224,1.27645,1,0
7,1,30,30,poisson,16,0.2,1,0.241151,0.924921,-0.683769,0.166072,1.69194,1.79686,0.00655323,0.213807,15646,122880,0.24576,1,0
7,1,126,126,latency,16,0.2,0,0.286665,0.936038,-0.649372,0.222703,1.66434,1.79634,0.00137352,0.209895,64894,516096,1.03219,1,0
7,1,35,35,poisson,16,0.2,2,0.241092,0.926856,-0.685764,0.167948,1.69411,1.79745,0.00378443,0.21726,18211,143360,0.28672,1,0
7,2,72,113-72,latency,16,0.2,0,0.258955,0.934783,-0.675828,0.193737,1.68699,1.80609,0.00463377,0.315383,74682,593024,1.18605,1,0
7,6,1,105-78-55-49-46-1,latency,16,0.2,0,0.127874,0.878175,-0.7503,0.00604871,1.75031,1.83155,0.0915952,1.15975,89633,709680,1.41936,1,0
7,5,11,77-76-33-24-11,direct,1,1,1,0.0958392,0.967989,-0.87215,0.0638286,1.87324,1.91307,0.0018575,0.702714,58943,29128,0.058256,1,0
7,5,22,100-84-65-39-22,direct,1,1,1,0.123996,0.959867,-0.83587,0.083863,1.83778,1.89797,0.00879123,0.568681,86560,42853,0.085706,1,0
7,1,124,124,poisson,16,0.2,2,0.285697,0.940201,-0.654504,0.225898,1.66985,1.80262,0.0005326,0.260039,63868,507904,1.01581,1,0
7,4,65,100-97-66-65,direct,1,1,2,0.182433,0.943148,-0.760715,0.125581,1.76519,1.84992,0.00838048,0.716086,92831,45992,0.091984,1,0
7,2,8,65-8,direct,1,1,0,0.245154,0.929382,-0.684228,0.174535,1.69325,1.81202,0.0117174,0.432401,34714,17160,0.03432,1,0
7,1,50,50,direct,1,1,0,0.2633,0.931106,-0.667806,0.194406,1.6791,1.79399,0.00122886,0.178756,25906,12800,0.0256,1,0
7,1,120,120,direct,1,1,0,0.294058,0.936222,-0.642164,0.230281,1.65823,1.79743,0.00376023,0.198339,61816,30720,0.06144,1,0
7,1,18,18,latency,16,0.2,0,0.167237,0.915461,-0.748224,0.0826988,1.75018,1.80403,0.00398809,0.181275,9490,73728,0.147456,1,0
7,3,35,55-46-35,direct,1,1,0,0.194976,0.933466,-0.73849,0.128441,1.74323,1.82768,0.00937559,0.481274,36933,18220,0.03644,1,0
7,1,77,77,latency,16,0.2,1,0.27727,0.931605,-0.654335,0.208876,1.66747,1.7948,0.00403736,0.213559,39757,315392,0.630784,1,0
8,2,16,105-16,direct,1,1,1,0.224017,0.92839,-0.704373,0.152406,1.71117,1.80431,0.00298774,0.472022,57602,28560,0.05712,1,0
8,1,83,83,direct,1,1,0,0.282487,0.934779,-0.652292,0.217265,1.66652,1.7952,0.00178104,0.190428,42835,21248,0.042496,1,0
8,1,26,26,direct,1,1,1,0.254247,0.922955,-0.668708,0.177201,1.67809,1.79044,0.00659204,0.155324,13594,6656,0.013312,1,0
8,2,65,70-65,direct,1,1,2,0.261511,0.93723,-0.67572,0.198741,1.68746,1.80456,0.000509724,0.467252,45401,22470,0.04494,1,0
8,4,24,76-35-33-24,direct,1,1,1,0.153549,0.958659,-0.80511,0.112207,1.80859,1.88613,0.00877505,0.495852,48694,24063,0.048126,1,0
8,2,19,87-19,poisson,16,0.2,1,0.260531,0.932268,-0.671737,0.192799,1.68282,1.80191,0.00440332,0.305661,48299,382800,0.7656,1,0
8,3,97,125-113-97,direct,1,1,0,0.256967,0.934288,-0.677321,0.191255,1.68819,1.80177,0.00110224,0.74619,115001,57086,0.114172,1,0
8,1,113,113,latency,16,0.2,1,0.280983,0.933765,-0.652782,0.214749,1.66667,1.79599,0.00249005,0.216327,58225,462848,0.925696,1,0
8,3,16,49-35-16,direct,1,1,2,0.176398,0.940418,-0.76402,0.116816,1.76788,1.84316,0.00559558,0.482412,30078,14819,0.029638,1,0
8,5,24,77-76-33-29-24,direct,1,1,0,0.104493,0.967323,-0.862829,0.0718156,1.86421,1.92341,0.0222539,0.797924,60160,29725,0.05945,1,0
8,2,1,35-1,direct,1,1,1,0,0.93545,-0.93545,-0.0645503,1.93653,1.98121,0.00489971,0.485399,18317,8995,0.01799,1,0
8,6,1,105-78-58-46-31-1,direct,1,1,0,1,1,0,1,1.41421,2,0,0,88331,43719,0.087438,0,1
8,2,16,65-16,latency,16,0.2,0,0.24714,0.936913,-0.689773,0.184053,1.69977,1.81716,0.00776466,0.263573,35762,282880,0.56576,1,0
8,1,123,123,latency,16,0.2,0,0.286403,0.935597,-0.649194,0.222,1.66407,1.79751,0.00253524,0.214162,63355,503808,1.00762,1,0
8,2,35,103-35,direct,1,1,0,0.25043,0.932789,-0.682359,0.183219,1.69231,1.80561,0.00430233,0.462863,60443,29973,0.059946,1,0
8,1,70,70,direct,1,1,2,0.26682,0.93366,-0.66684,0.20048,1.67885,1.79729,0.00123213,0.185705,36166,17920,0.03584,1,0
8,2,92,105-92,direct,1,1,0,0.272896,0.935627,-0.662731,0.208523,1.67575,1.80104,0.00261105,0.508758,73638,36540,0.07308,1,0
8,4,35,97-66-65-35,direct,1,1,2,0.172256,0.948689,-0.776433,0.120945,1.78054,1.86249,0.0146001,0.726447,76345,37799,0.075598,1,0
8,1,50,50,latency,16,0.2,0,0.263875,0.929362,-0.665488,0.193237,1.67666,1.793,0.00434975,0.210696,25906,204800,0.4096,1,0
8,1,34,34,direct,1,1,2,0.25991,0.925467,-0.665557,0.185377,1.67584,1.79695,0.00939974,0.160835,17698,8704,0.017408,1,0
9,1,117,117,direct,1,1,0,0.296228,0.934058,-0.63783,0.230286,1.65394,1.79488,0.00469371,0.196854,60277,29952,0.059904,1,0
9,1,110,110,direct,1,1,1,0.286228,0.935521,-0.649293,0.221749,1.66413,1.79672,0.00248281,0.199693,56686,28160,0.05632,1,0
9,2,110,124-110,direct,1,1,0,0.27752,0.937315,-0.659795,0.214834,1.67364,1.80054,0.000814432,0.521647,91382,45384,0.090768,1,0
9,2,59,70-59,direct,1,1,2,0.249267,0.936006,-0.686739,0.185273,1.69688,1.80682,0.00128353,0.422783,44555,22050,0.0441,1,0
9,1,97,97,poisson,16,0.2,0,0.283615,0.93745,-0.653835,0.221065,1.66854,1.80255,0.00321305,0.251396,50017,397312,0.794624,1,0
9,1,108,108,direct,1,1,0,0.274279,0.935366,-0.661088,0.209645,1.67427,1.79807,0.00128896,0.19573,55660,27648,0.055296,1,0
9,2,1,126-1,direct,1,1,1,0,0.946164,-0.946164,-0.053836,1.94691,1.9809,0.00265516,0.522446,65273,32382,0.064764,1,0
9,2,21,39-21,poisson,16,0.2,1,0.247188,0.930493,-0.683304,0.177681,1.69266,1.80514,0.00629382,0.261158,21961,172848,0.345696,1,0
9,1,18,18,poisson,16,0.2,2,0.177617,0.917343,-0.739725,0.0949602,1.74231,1.80231,0.00344482,0.179163,9490,73728,0.147456,1,0
9,4,24,76-58-33-24,direct,1,1,2,0.137584,0.950055,-0.812471,0.0876394,1.81459,1.877,0.0096772,0.627811,53754,26570,0.05314,1,0
9,3,16,92-35-16,latency,16,0.2,0,0.21878,0.930051,-0.711272,0.148831,1.71773,1.80955,0.00454603,0.361435,55190,437312,0.874624,1,0
9,6,1,105-78-64-55-49-1,poisson,16,0.2,0,0.0119854,0.896693,-0.884708,-0.0913215,1.88692,1.95767,0.0122573,1.08249,93611,741216,1.48243,1,0
9,2,11,101-11,direct,1,1,1,0.210348,0.928571,-0.718223,0.13892,1.72383,1.8116,0.00452374,0.539417,54403,26967,0.053934,1,0
10,4,1,69-34-2-1,latency,16,0.2,1,0.0296814,0.922222,-0.892541,-0.0480963,1.89315,1.95767,0.0258089,0.136238,40627,321280,0.64256,1,0
10,1,9,9,direct,1,1,0,0.198017,0.920664,-0.722648,0.118681,1.72673,1.80413,0.0104186,0.125043,4873,2304,0.004608,1,0
10,2,30,97-30,direct,1,1,1,0.255684,0.935833,-0.680149,0.191518,1.69103,1.80557,0.00215436,0.564557,55964,27742,0.055484,1,0
10,2,16,26-16,latency,16,0.2,1,0.23339,0.929191,-0.695802,0.162581,1.70358,1.80117,0.00313712,0.183928,14468,113152,0.226304,1,0
10,2,76,77-76,direct,1,1,0,0.273487,0.93718,-0.663692,0.210667,1.67698,1.80434,0.00294798,0.515055,51614,25564,0.051128,1,0
10,1,91,91,direct,1,1,0,0.279995,0.934781,-0.654786,0.214776,1.66867,1.79607,0.0011699,0.193624,46939,23296,0.046592,1,0
10,3,1,36-35-1,direct,1,1,1,0,0.947619,-0.947619,-0.052381,1.94832,1.98583,0.00487956,0.916922,21421,10511,0.021022,1,0
10,2,26,40-26,direct,1,1,0,0.200221,0.935358,-0.735137,0.135579,1.74043,1.8207,0.000686975,0.486353,22922,11280,0.02256,1,0
10,1,57,57,direct,1,1,1,0.271132,0.930458,-0.659326,0.20159,1.67153,1.79647,0.00512173,0.182218,29497,14592,0.029184,1,0
10,1,98,98,direct,1,1,0,0.286517,0.936071,-0.649553,0.222588,1.6645,1.79698,0.00286851,0.195691,50530,25088,0.050176,1,0
10,5,46,105-78-55-49-46,poisson,16,0.2,2,0.0810606,0.921098,-0.840037,0.00215852,1.84004,1.84828,0.00588469,0.841788,89494,708944,1.41789,1,0
10,3,1,35-34-1,direct,1,1,2,0.0418313,0.961111,-0.91928,0.00294243,1.91928,1.96138,0.02859,0.785829,20763,10184,0.020368,1,0
10,2,30,64-30,direct,1,1,1,0.235231,0.934638,-0.699408,0.169869,1.70788,1.81248,0.00366451,0.497169,37022,18304,0.036608,1,0
11,1,110,110,poisson,16,0.2,2,0.271495,0.93807,-0.666575,0.209565,1.6797,1.80478,0.00284218,0.255747,56686,450560,0.90112,1,0
11,3,65,71-70-65,direct,1,1,1,0.227004,0.934044,-0.70704,0.161047,1.71462,1.81123,0.00315637,0.579059,55995,27696,0.055392,1,0
11,2,30,66-30,direct,1,1,0,0.227709,0.931239,-0.70353,0.158948,1.71093,1.80794,0.00295286,0.444033,38170,18876,0.037752,1,0
11,1,2,2,poisson,16,0.2,1,0.227916,0.934921,-0.707004,0.162837,1.71475,1.83563,0.0185793,0.016036,1282,8192,0.016384,1,0
11,2,60,97-60,direct,1,1,0,0.271956,0.936947,-0.66499,0.208903,1.67804,1.80633,0.00425185,0.496554,61814,30652,0.061304,1,0
11,1,14,14,direct,1,1,2,0.239212,0.917678,-0.678465,0.15689,1.68578,1.7879,0.00809559,0.131615,7438,3584,0.007168,1,0
11,4,1,99-34-2-1,direct,1,1,0,0,0.998148,-0.998148,-0.00185185,1.99815,1.99974,0.000361192,0.364618,58087,28780,0.05756,1,0
11,2,1,34-1,direct,1,1,1,0,0.951984,-0.951984,-0.0480159,1.95257,1.98328,0.00205882,0.421058,17801,8738,0.017476,1,0
11,4,24,77-76-33-24,poisson,16,0.2,1,0.160194,0.924272,-0.764079,0.0844661,1.7661,1.81615,0.000422299,0.609532,58380,461824,0.923648,1,0
11,1,47,47,direct,1,1,0,0.262224,0.930643,-0.668419,0.192867,1.67953,1.79426,0.00190828,0.171137,24367,12032,0.024064,1,0
11,1,24,24,latency,16,0.2,1,0.19957,0.915482,-0.715911,0.115052,1.71976,1.80085,0.0118361,0.18823,12568,98304,0.196608,1,0
11,1,71,71,latency,16,0.2,0,0.269395,0.931701,-0.662306,0.201097,1.67443,1.79405,0.00171667,0.211303,36679,290816,0.581632,1,0
12,1,55,55,latency,16,0.2,2,0.251098,0.930164,-0.679066,0.181261,1.68882,1.79563,0.00083718,0.211055,28471,225280,0.45056,1,0
12,2,33,79-33,latency,16,0.2,1,0.270614,0.934756,-0.664142,0.205371,1.67677,1.8055,0.0071461,0.303916,46109,365296,0.730592,1,0
12,1,5,5,direct,1,1,0,0.20583,0.923307,-0.717477,0.129137,1.72232,1.80471,0.00478197,0.100666,2821,1280,0.00256,1,0
12,1,97,97,direct,1,1,0,0.283344,0.933924,-0.65058,0.217267,1.66482,1.79448,0.00169076,0.193172,50017,24832,0.049664,1,0
12,2,2,34-2,direct,1,1,1,0.124638,0.927513,-0.802875,0.0521512,1.80363,1.87326,0.0279428,0.359785,17870,8772,0.017544,1,0
12,3,5,126-30-5,direct,1,1,1,0.131903,0.936402,-0.804499,0.0683054,1.80579,1.87246,0.0225972,0.796514,72945,36186,0.072372,1,0
12,1,70,70,poisson,16,0.2,2,0.280564,0.9363,-0.655736,0.216864,1.66988,1.79881,0.00137624,0.247124,36166,286720,0.57344,1,0
12,2,2,63-2,direct,1,1,0,0.165078,0.929894,-0.764816,0.0949724,1.76737,1.85422,0.029638,0.490694,32892,16254,0.032508,1,0
12,1,42,42,direct,1,1,0,0.253559,0.928039,-0.674481,0.181598,1.6843,1.7946,0.00303656,0.1668,21802,10752,0.021504,1,0
12,2,30,118-30,poisson,16,0.2,0,0.27943,0.937544,-0.658114,0.216974,1.67225,1.8036,0.00306172,0.343268,68018,539968,1.07994,1,0
12,1,26,26,poisson,16,0.2,2,0.187219,0.923041,-0.735822,0.11026,1.73932,1.80874,0.00347239,0.217331,13594,106496,0.212992,1,0
12,1,87,87,poisson,16,0.2,1,0.269723,0.936441,-0.666718,0.206164,1.67942,1.80171,0.00171438,0.252901,44887,356352,0.712704,1,0
12,2,2,65-2,direct,1,1,1,0.0834758,0.932275,-0.848799,0.0157509,1.84887,1.88788,0.029689,0.452306,33928,16770,0.03354,1,0
12,2,26,70-26,direct,1,1,2,0.226585,0.932458,-0.705874,0.159043,1.71327,1.8086,0.00206432,0.460897,39902,19740,0.03948,1,0
12,1,99,99,latency,16,0.2,0,0.287684,0.9354,-0.647716,0.223084,1.66275,1.79658,0.00232084,0.215309,51043,405504,0.811008,1,0
12,2,8,114-8,direct,1,1,0,0.198212,0.927695,-0.729484,0.125907,1.73406,1.81221,0.00609399,0.530073,60684,30096,0.060192,1,0
12,2,30,126-30,latency,16,0.2,0,0.274365,0.937116,-0.662752,0.211481,1.67615,1.80897,0.00647587,0.353099,72610,576576,1.15315,1,0
12,1,126,126,direct,1,1,2,0.283211,0.9364,-0.653189,0.21961,1.66771,1.7973,0.000956275,0.200767,64894,32256,0.064512,1,0
12,1,8,8,poisson,16,0.2,2,0.17508,0.921925,-0.746845,0.0970044,1.74954,1.80973,0.0038467,0.0988249,4360,32768,0.065536,1,0
12,1,59,59,direct,1,1,1,0.269742,0.930085,-0.660342,0.199827,1.67232,1.79333,0.00506241,0.182411,30523,15104,0.030208,1,0
12,1,32,32,direct,1,1,1,0.213827,0.92519,-0.711363,0.139017,1.717,1.80008,0.00145177,0.158088,16672,8192,0.016384,1,0
13,2,70,102-70,direct,1,1,0,0.271208,0.936954,-0.665746,0.208162,1.6787,1.80264,0.0017907,0.489276,67034,33252,0.066504,1,0
13,1,40,40,direct,1,1,2,0.250816,0.927708,-0.676892,0.178524,1.68637,1.79365,0.00214889,0.174699,20776,10240,0.02048,1,0
13,2,8,30-8,direct,1,1,0,0.200649,0.937401,-0.736752,0.138049,1.74223,1.84281,0.0149816,0.390767,16164,7920,0.01584,1,0
13,2,35,74-35,direct,1,1,0,0.257087,0.933541,-0.676455,0.190628,1.68726,1.80272,0.00469196,0.511875,43507,21534,0.043068,1,0
13,2,4,66-4,direct,1,1,2,0.152963,0.932209,-0.779246,0.0851718,1.78128,1.84502,0.0142856,0.460524,34712,17160,0.03432,1,0
13,2,59,120-59,direct,1,1,0,0.277028,0.935313,-0.658285,0.212341,1.67182,1.8003,0.00290865,0.563626,76155,37800,0.0756,1,0
13,2,2,33-2,direct,1,1,0,0.123227,0.936442,-0.813215,0.0596684,1.8142,1.86767,0.0139713,0.403771,17352,8514,0.017028,1,0
13,1,124,124,direct,1,1,0,0.281388,0.934298,-0.65291,0.215685,1.66692,1.79544,0.0021399,0.199757,63868,31744,0.063488,1,0
13,3,8,126-30-8,direct,1,1,0,0.149505,0.930721,-0.781216,0.0802262,1.78302,1.83582,0.00523505,0.829101,73128,36276,0.072552,1,0
13,1,92,92,poisson,16,0.2,0,0.282266,0.936656,-0.65439,0.218922,1.66881,1.80075,0.00270729,0.254895,47452,376832,0.753664,1,0
13,1,5,5,poisson,16,0.2,2,0.146805,0.911984,-0.765179,0.058789,1.76616,1.81553,0.0108066,0.0620006,2821,20480,0.04096,1,0
13,1,2,2,latency,16,0.2,1,0.132905,0.932011,-0.799105,0.0649161,1.80028,1.86479,0.0204672,0.0802408,1282,8192,0.016384,1,0
13,3,2,65-4-2,direct,1,1,0,0,0.986508,-0.986508,-0.0134921,1.98655,1.99681,0.00167484,0.328669,34212,16908,0.033816,1,0
13,2,5,47-5,direct,1,1,1,0.22433,0.938466,-0.714135,0.162796,1.72185,1.82019,0.00218415,0.407446,24889,12267,0.024534,1,0
13,2,33,79-33,direct,1,1,0,0.233879,0.935462,-0.701583,0.169341,1.70999,1.81062,0.00108685,0.469975,46109,22831,0.045662,1,0
14,1,54,54,direct,1,1,2,0.280907,0.930536,-0.649629,0.211443,1.66312,1.79028,0.00291139,0.180947,27958,13824,0.027648,1,0
14,1,59,59,poisson,16,0.2,1,0.26019,0.932405,-0.672215,0.192595,1.68327,1.79991,0.00375504,0.242856,30523,241664,0.483328,1,0
14,3,2,92-33-2,direct,1,1,0,0.0673873,0.959656,-0.892269,0.0270434,1.89246,1.94931,0.0299479,0.916421,53816,26654,0.053308,1,0
14,1,104,104,direct,1,1,0,0.285712,0.935775,-0.650064,0.221487,1.66486,1.79673,0.00172057,0.19433,53608,26624,0.053248,1,0
14,1,79,79,direct,1,1,0,0.302164,0.932955,-0.630791,0.235119,1.64765,1.7929,0.00539353,0.191407,40783,20224,0.040448,1,0
14,3,35,122-59-35,direct,1,1,0,0.226626,0.935011,-0.708386,0.161637,1.71602,1.81622,0.00423773,0.741633,81643,40495,0.08099,1,0
14,2,4,96-4,poisson,16,0.2,2,0.173288,0.925926,-0.752638,0.099214,1.75544,1.83321,0.0139104,0.253521,50372,399360,0.79872,1,0
14,1,16,16,direct,1,1,1,0.237268,0.924306,-0.687037,0.161574,1.69476,1.79662,0.00887761,0.130114,8464,4096,0.008192,1,0
14,2,66,115-66,direct,1,1,0,0.267538,0.934612,-0.667074,0.20215,1.67929,1.8065,0.00727655,0.515743,74612,37030,0.07406,1,0
14,2,2,92-2,direct,1,1,0,0.0842865,0.932143,-0.847856,0.0164293,1.84793,1.87778,0.0157801,0.438923,47914,23736,0.047472,1,0
14,2,70,96-70,direct,1,1,1,0.26331,0.9372,-0.67389,0.200509,1.68586,1.80527,0.00243043,0.502287,63110,31296,0.062592,1,0
14,2,57,99-57,direct,1,1,0,0.250908,0.933503,-0.682595,0.18441,1.69267,1.80559,0.00416241,0.518243,62485,30987,0.061974,1,0
14,1,86,86,direct,1,1,1,0.279177,0.935888,-0.656711,0.215065,1.67061,1.79802,0.00111124,0.192886,44374,22016,0.044032,1,0
14,1,42,42,latency,16,0.2,1,0.251209,0.926357,-0.675148,0.177567,1.68453,1.79461,0.00434801,0.199203,21802,172032,0.344064,1,0
14,2,4,30-4,direct,1,1,0,0.174988,0.944676,-0.769688,0.119664,1.77373,1.85184,0.00677186,0.419916,15920,7800,0.0156,1,0
15,1,120,120,poisson,16,0.2,1,0.283161,0.93875,-0.655589,0.221911,1.6704,1.80344,0.0027771,0.258625,61816,491520,0.98304,1,0
15,2,70,114-70,direct,1,1,1,0.280049,0.937054,-0.657005,0.217103,1.67117,1.80104,0.00254999,0.516037,74882,37164,0.074328,1,0
15,2,8,42-8,latency,16,0.2,2,0.225042,0.924355,-0.699313,0.149397,1.70587,1.80473,0.0081843,0.261925,22524,177408,0.354816,1,0
15,1,71,71,direct,1,1,0,0.280523,0.933734,-0.653211,0.214257,1.66704,1.79339,0.00070794,0.18636,36679,18176,0.036352,1,0
15,2,2,102-2,latency,16,0.2,0,0.13197,0.904828,-0.772858,0.0367981,1.77324,1.79675,0.00188105,0.3768,53094,421056,0.842112,1,0
15,6,2,69-46-39-35-3-2,direct,1,1,1,0,0.978042,-0.978042,-0.0219577,1.97816,1.99581,0.00368726,0.212339,48858,24108,0.048216,1,0
15,1,4,4,poisson,16,0.2,0,0.183634,0.929497,-0.745864,0.113131,1.74953,1.82015,0.00408967,0.0416273,2308,16384,0.032768,1,0
16,2,90,116-90,direct,1,1,2,0.27578,0.936292,-0.660512,0.212072,1.674,1.80131,0.00226066,0.536201,80850,40136,0.080272,1,0
16,2,65,74-65,direct,1,1,1,0.265667,0.936791,-0.671123,0.202458,1.68334,1.80459,0.00211978,0.488195,47977,23754,0.047508,1,0
16,3,16,51-27-16,poisson,16,0.2,1,0.201112,0.920635,-0.719523,0.121747,1.72383,1.79731,0.00233124,0.396444,30158,237840,0.47568,1,0
16,1,78,78,direct,1,1,1,0.283952,0.934368,-0.650416,0.21832,1.66479,1.79577,0.00299685,0.188764,40270,19968,0.039936,1,0
16,2,4,83-4,latency,16,0.2,0,0.205046,0.916435,-0.711389,0.121481,1.7157,1.79925,0.0112466,0.304159,43586,345280,0.69056,1,0
16,3,4,41-34-4,poisson,16,0.2,0,0.203351,0.918651,-0.7153,0.122002,1.71963,1.81502,0.0177191,0.398603,24462,192416,0.384832,1,0
16,2,68,102-68,latency,16,0.2,1,0.269046,0.93529,-0.666245,0.204336,1.67873,1.8022,0.00299629,0.319561,66624,528768,1.05754,1,0
16,2,35,59-35,direct,1,1,1,0.240313,0.935646,-0.695333,0.175959,1.70444,1.81104,0.00310739,0.469783,34747,17169,0.034338,1,0
16,2,2,90-2,direct,1,1,1,0.16532,0.927513,-0.762193,0.092833,1.76464,1.84022,0.0184495,0.51629,46878,23220,0.04644,1,0
16,2,27,33-27,latency,16,0.2,2,0.254586,0.93105,-0.676464,0.185636,1.68671,1.80188,0.00489527,0.233737,19027,149424,0.298848,1,0
16,1,7,7,direct,1,1,1,0.187134,0.910752,-0.723618,0.0978857,1.7264,1.79125,0.0105182,0.133781,3847,1792,0.003584,1,0
16,2,8,70-8,direct,1,1,1,0.237114,0.932755,-0.695641,0.169868,1.70413,1.81773,0.0117307,0.409506,37364,18480,0.03696,1,0
16,1,64,64,poisson,16,0.2,1,0.264223,0.936225,-0.672002,0.200448,1.68397,1.8024,0.000839648,0.247805,33088,262144,0.524288,1,0
16,1,33,33,poisson,16,0.2,2,0.248512,0.926162,-0.67765,0.174675,1.68672,1.79459,0.00611693,0.23657,17185,135168,0.270336,1,0
16,2,8,16-8,latency,16,0.2,1,0.220035,0.925744,-0.705709,0.145779,1.71193,1.81244,0.0132305,0.1386,8744,67584,0.135168,1,0
16,2,2,65-2,poisson,16,0.2,1,0.188501,0.918981,-0.730481,0.107482,1.73382,1.82772,0.0240899,0.214009,33928,268320,0.53664,1,0
17,2,81,124-81,poisson,16,0.2,0,0.292235,0.93973,-0.647495,0.231965,1.66375,1.80247,0.00220146,0.317159,84161,668608,1.33722,1,0
17,1,76,76,poisson,16,0.2,0,0.275844,0.936654,-0.660811,0.212498,1.67435,1.80109,0.0016773,0.24592,39244,311296,0.622592,1,0
17,1,48,48,direct,1,1,1,0.26989,0.929828,-0.659938,0.199718,1.67191,1.79333,0.00365669,0.175634,24880,12288,0.024576,1,0
17,3,2,65-41-2,direct,1,1,1,0.063908,0.957407,-0.893499,0.0213154,1.89362,1.92605,0.0167733,0.918906,39244,19387,0.038774,1,0
17,2,2,4-2,direct,1,1,2,0,0.986508,-0.986508,-0.0134921,1.98655,1.99815,0.00261289,0.220262,2330,1032,0.002064,1,0
17,3,2,104-65-2,direct,1,1,2,0.0650218,0.947817,-0.882796,0.0128393,1.88284,1.8949,0.00363616,0.912249,67624,33514,0.067028,1,0
17,2,26,44-26,direct,1,1,1,0.211636,0.934193,-0.722557,0.145829,1.72872,1.81526,0.00101265,0.437139,25186,12408,0.024816,1,0
17,2,59,82-59,direct,1,1,0,0.25891,0.936629,-0.677719,0.195539,1.68908,1.80621,0.00288842,0.481448,52139,25830,0.05166,1,0
17,3,2,79-35-2,direct,1,1,0,0.0331512,0.940146,-0.906994,-0.0267033,1.90718,1.94203,0.013897,1.02822,46604,23059,0.046118,1,0
17,2,83,122-83,direct,1,1,1,0.271227,0.937168,-0.665941,0.208395,1.67892,1.80349,0.00256445,0.502046,83299,41358,0.082716,1,0
17,1,102,102,direct,1,1,0,0.282554,0.935517,-0.652963,0.218071,1.66729,1.79706,0.00144094,0.196704,52582,26112,0.052224,1,0
17,2,60,62-60,latency,16,0.2,0,0.279108,0.938307,-0.659198,0.217415,1.67338,1.80133,0.000420796,0.289447,39624,313472,0.626944,1,0
17,2,4,85-4,direct,1,1,2,0.187329,0.93168,-0.744351,0.119009,1.74841,1.83379,0.0177463,0.446714,44630,22100,0.0442,1,0
17,2,5,32-5,direct,1,1,1,0.183512,0.939074,-0.755562,0.122586,1.75984,1.85446,0.0174201,0.365353,17029,8352,0.016704,1,0
18,1,44,44,direct,1,1,0,0.279588,0.929846,-0.650258,0.209435,1.66349,1.79204,0.00421453,0.16516,22828,11264,0.022528,1,0
18,2,2,35-2,direct,1,1,0,0.0837077,0.934193,-0.850485,0.0179009,1.85057,1.90868,0.0521383,0.380303,18388,9030,0.01806,1,0
18,3,2,63-31-2,direct,1,1,0,0.0329604,0.930688,-0.897727,-0.0363518,1.89808,1.92669,0.00782089,0.743558,36732,18143,0.036286,1,0
18,1,34,34,latency,16,0.2,2,0.251782,0.923502,-0.67172,0.175284,1.68088,1.79656,0.0108047,0.198492,17698,139264,0.278528,1,0
18,2,2,62-2,direct,1,1,1,0.0423916,0.925066,-0.882675,-0.0325423,1.88296,1.90617,0.0039177,0.443303,32374,15996,0.031992,1,0
18,2,44,56-44,direct,1,1,2,0.23396,0.934909,-0.700949,0.168869,1.70931,1.80932,0.000793361,0.427793,34012,16800,0.0336,1,0
18,2,2,95-2,direct,1,1,0,0.106071,0.912302,-0.80623,0.018373,1.80632,1.84875,0.0312107,0.477475,49468,24510,0.04902,1,0
18,1,3,3,direct,1,1,1,0.243751,0.930379,-0.686629,0.17413,1.69559,1.81493,0.0127747,0.093997,1795,768,0.001536,1,0
18,2,1,44-1,poisson,16,0.2,1,0.0758591,0.914153,-0.838294,-0.00998744,1.83832,1.90021,0.0397318,0.208603,22961,180928,0.361856,1,0
18,1,102,102,latency,16,0.2,2,0.284401,0.935543,-0.651142,0.219944,1.66573,1.7952,0.000720557,0.214669,52582,417792,0.835584,1,0
18,2,27,110-27,direct,1,1,0,0.246195,0.936934,-0.69074,0.183129,1.70063,1.81076,0.00396783,0.485,62763,31130,0.06226,1,0
18,1,14,14,latency,16,0.2,2,0.15447,0.906784,-0.752314,0.0612538,1.75338,1.79216,0.003565,0.16789,7438,57344,0.114688,1,0
18,1,51,51,direct,1,1,0,0.288363,0.932693,-0.64433,0.221055,1.65912,1.7977,0.00759648,0.171334,26419,13056,0.026112,1,0
18,2,4,24-4,direct,1,1,0,0.13322,0.940675,-0.807454,0.0738949,1.80896,1.86883,0.0142183,0.358095,12788,6240,0.01248,1,0
18,2,2,104-2,latency,16,0.2,1,0.150433,0.92037,-0.769937,0.0708035,1.77135,1.82502,0.0103804,0.348282,54130,429312,0.858624,1,0
18,1,31,31,poisson,16,0.2,1,0.208984,0.92145,-0.712465,0.130434,1.71743,1.80027,0.00550698,0.220568,16159,126976,0.253952,1,0
18,2,68,113-68,direct,1,1,0,0.284893,0.938002,-0.653109,0.222895,1.66807,1.80424,0.00449892,0.503153,73774,36612,0.073224,1,0
18,1,31,31,direct,1,1,1,0.253485,0.920511,-0.667026,0.173996,1.67608,1.78727,0.00670969,0.152909,16159,7936,0.015872,1,0
19,2,22,33-22,direct,1,1,0,0.240725,0.941721,-0.700995,0.182446,1.71075,1.8221,0.00601265,0.387584,18692,9174,0.018348,1,0
19,1,101,101,direct,1,1,0,0.281267,0.935672,-0.654405,0.216939,1.66857,1.79747,0.00186936,0.195511,52069,25856,0.051712,1,0
19,2,4,30-4,poisson,16,0.2,2,0.193749,0.920271,-0.726523,0.11402,1.73028,1.80234,0.00511851,0.13818,15920,124800,0.2496,1,0
19,1,3,3,latency,16,0.2,0,0.127597,0.903175,-0.775577,0.030772,1.77584,1.80226,0.00797368,0.101552,1795,12288,0.024576,1,0
19,1,7,7,poisson,16,0.2,2,0.162383,0.910299,-0.747916,0.0726815,1.74943,1.81154,0.0145148,0.0764379,3847,28672,0.057344,1,0
19,2,73,125-73,direct,1,1,2,0.263163,0.935548,-0.672385,0.19871,1.68415,1.80097,0.000310116,0.531904,82829,41125,0.08225,1,0
19,2,51,116-51,direct,1,1,1,0.261095,0.936757,-0.675662,0.197852,1.6873,1.80739,0.00321912,0.510039,71763,35612,0.071224,1,0
19,2,2,128-2,direct,1,1,1,0.0691103,0.928439,-0.859329,-0.00245051,1.85933,1.90062,0.0496047,0.512199,66562,33024,0.066048,1,0
19,2,1,2-1,latency,16,0.2,2,0.139116,0.930688,-0.791571,0.0698042,1.79293,1.85332,0.0173588,0.147643,1289,8224,0.016448,1,0
19,3,1,34-4-1,latency,16,0.2,2,0.0606784,0.896429,-0.83575,-0.042893,1.83625,1.92073,0.0422474,0.412657,18021,141504,0.283008,1,0
19,2,86,114-86,direct,1,1,1,0.273159,0.938721,-0.665562,0.211881,1.67898,1.80435,0.00163003,0.521027,78546,38988,0.077976,1,0
19,1,60,60,direct,1,1,0,0.286893,0.931098,-0.644205,0.217991,1.65859,1.79127,0.00465113,0.180656,31036,15360,0.03072,1,0
20,2,106,117-106,direct,1,1,1,0.272752,0.937162,-0.66441,0.209914,1.67759,1.80225,0.00128114,0.516619,85304,42354,0.084708,1,0
20,2,4,82-4,direct,1,1,1,0.171779,0.926819,-0.75504,0.0985977,1.75781,1.83044,0.0125546,0.4801,43064,21320,0.04264,1,0
20,3,38,61-59-38,direct,1,1,0,0.222551,0.938085,-0.715534,0.160636,1.72304,1.82507,0.00695256,0.518713,43448,21457,0.042914,1,0
20,3,4,102-8-4,latency,16,0.2,1,0.130922,0.906085,-0.775163,0.0370063,1.77555,1.80909,0.0119385,0.215334,54400,431360,0.86272,1,0
20,1,106,106,direct,1,1,1,0.285823,0.935008,-0.649185,0.220831,1.6639,1.79599,0.00314568,0.197604,54634,27136,0.054272,1,0
20,2,2,58-2,direct,1,1,2,0.0630442,0.937698,-0.874654,0.000742616,1.87465,1.88499,0.0102706,0.477186,30302,14964,0.029928,1,0
20,1,111,111,direct,1,1,1,0.281373,0.935308,-0.653935,0.216681,1.66807,1.79723,0.00240846,0.198086,57199,28416,0.056832,1,0
20,2,14,74-14,direct,1,1,1,0.207863,0.929129,-0.721266,0.136992,1.72671,1.81147,0.00329067,0.455357,40378,19980,0.03996,1,0
20,2,2,46-2,direct,1,1,0,0.115087,0.931217,-0.81613,0.0463038,1.81672,1.87463,0.0219139,0.432234,24086,11868,0.023736,1,0
20,2,14,111-14,direct,1,1,0,0.245461,0.933333,-0.687872,0.178795,1.69732,1.80652,0.0032019,0.514924,60432,29970,0.05994,1,0
20,3,35,86-51-35,direct,1,1,1,0.203981,0.93,-0.726019,0.133981,1.73121,1.81538,0.00572062,0.625646,56939,28187,0.056374,1,0
20,2,41,79-41,direct,1,1,0,0.255212,0.931949,-0.676737,0.187161,1.68715,1.80359,0.00529755,0.500817,47381,23463,0.046926,1,0
21,3,34,114-99-34,direct,1,1,2,0.233617,0.929466,-0.695849,0.163084,1.70367,1.81025,0.00781603,0.828316,88388,43836,0.087672,1,0
21,1,127,127,direct,1,1,0,0.289814,0.935269,-0.645455,0.225082,1.66078,1.79657,0.00363536,0.199786,65407,32512,0.065024,1,0
21,2,2,12-2,direct,1,1,2,0.228551,0.961045,-0.732494,0.189596,1.74284,1.91581,0.054413,0.45117,6474,3096,0.006192,1,0
21,1,1,1,direct,1,1,0,0.149938,0.934127,-0.784189,0.0840652,1.78617,1.8526,0.0122374,0.0664078,769,256,0.000512,1,0
21,3,14,116-37-14,latency,16,0.2,1,0.214308,0.931954,-0.717646,0.146262,1.72386,1.81166,0.0015003,0.36679,69588,552096,1.10419,1,0
21,2,7,86-7,direct,1,1,2,0.200042,0.931425,-0.731383,0.131467,1.73637,1.81723,0.00330535,0.479225,45671,22618,0.045236,1,0
21,2,21,122-21,direct,1,1,1,0.241295,0.933239,-0.691944,0.174534,1.70092,1.80443,0.00102884,0.506407,68109,33794,0.067588,1,0
21,1,22,22,direct,1,1,0,0.23941,0.924946,-0.685536,0.164356,1.69353,1.79669,0.00685469,0.136635,11542,5632,0.011264,1,0
21,1,83,83,latency,16,0.2,1,0.282469,0.934439,-0.65197,0.216909,1.66615,1.79501,0.00136727,0.214476,42835,339968,0.679936,1,0
21,2,74,103-74,poisson,16,0.2,1,0.270688,0.938859,-0.66817,0.209547,1.68128,1.80698,0.00212805,0.302945,68516,543840,1.08768,1,0
21,2,4,109-4,direct,1,1,0,0.179997,0.91756,-0.737563,0.0975563,1.7403,1.81209,0.0114024,0.420638,57158,28340,0.05668,1,0
22,1,80,80,latency,16,0.2,2,0.278474,0.933596,-0.655123,0.21207,1.66865,1.79621,0.00409803,0.216459,41296,327680,0.65536,1,0
22,1,25,25,direct,1,1,1,0.243985,0.925138,-0.681152,0.169123,1.68964,1.79953,0.00784176,0.154208,13081,6400,0.0128,1,0
22,1,41,41,direct,1,1,1,0.235182,0.928717,-0.693535,0.163899,1.70145,1.80272,0.00571431,0.17352,21289,10496,0.020992,1,0
22,2,5,6-5,latency,16,0.2,1,0.145959,0.913889,-0.76793,0.0598475,1.76894,1.81588,0.012064,0.0999861,3405,25056,0.050112,1,0
22,2,3,32-3,direct,1,1,1,0.181783,0.92694,-0.745157,0.108723,1.74854,1.84578,0.0269459,0.39738,16899,8288,0.016576,1,0
22,1,7,7,latency,16,0.2,0,0.133054,0.909278,-0.776224,0.0423321,1.77673,1.80161,0.000117065,0.137136,3847,28672,0.057344,1,0
22,2,3,14-3,direct,1,1,1,0.0291677,0.946561,-0.917393,-0.0242715,1.91755,1.96131,0.0238997,0.312247,7539,3626,0.007252,1,0
22,3,14,113-110-14,direct,1,1,0,0.187909,0.931207,-0.743299,0.119116,1.74736,1.82716,0.00714012,1.03478,86512,42898,0.085796,1,0
22,3,2,105-65-2,direct,1,1,2,0.0738004,0.942659,-0.868858,0.0164592,1.86893,1.92416,0.0390473,1.17595,68268,33835,0.06767,1,0
22,3,56,116-90-56,latency,16,0.2,0,0.270363,0.932615,-0.662253,0.202978,1.6746,1.79927,0.00593363,0.404943,91076,722816,1.44563,1,0
22,1,55,55,direct,1,1,1,0.270778,0.931248,-0.66047,0.202027,1.67271,1.79382,0.00198834,0.181609,28471,14080,0.02816,1,0
22,1,79,79,latency,16,0.2,0,0.29488,0.932431,-0.63755,0.227311,1.65325,1.79267,0.00446349,0.214293,40783,323584,0.647168,1,0
22,2,8,16-8,direct,1,1,1,0.13617,0.952034,-0.815864,0.0882035,1.818,1.88482,0.011171,0.347525,8744,4224,0.008448,1,0
23,1,82,82,direct,1,1,1,0.287246,0.934319,-0.647073,0.221565,1.66191,1.79295,0.00131623,0.190095,42322,20992,0.041984,1,0
23,3,2,36-4-2,direct,1,1,1,0,0.982738,-0.982738,-0.0172619,1.98281,1.99668,0.00290435,0.350527,19074,9368,0.018736,1,0
23,2,4,34-4,direct,1,1,2,0.168419,0.937698,-0.76928,0.106117,1.77246,1.8442,0.0119087,0.3708,18008,8840,0.01768,1,0
23,2,20,58-20,direct,1,1,0,0.225622,0.934187,-0.708565,0.159808,1.71602,1.81247,0.00358181,0.540189,32408,16008,0.032016,1,0
23,2,31,33-31,direct,1,1,1,0.240253,0.937848,-0.697595,0.1781,1.70691,1.82369,0.00880676,0.379676,19295,9471,0.018942,1,0
23,2,2,14-2,direct,1,1,0,0.047711,0.950992,-0.903281,-0.00129695,1.90328,1.9566,0.0371837,0.700988,7510,3612,0.007224,1,0
23,2,14,94-14,poisson,16,0.2,2,0.250067,0.93305,-0.682983,0.183117,1.69292,1.80677,0.00630267,0.292808,51218,406080,0.81216,1,0
23,2,65,66-65,direct,1,1,2,0.274062,0.93405,-0.659987,0.208112,1.67298,1.80283,0.00583542,0.520706,42825,21186,0.042372,1,0
23,2,14,58-14,direct,1,1,0,0.21259,0.93424,-0.72165,0.146831,1.7279,1.82068,0.00484319,0.56787,31706,15660,0.03132,1,0
23,1,95,95,direct,1,1,0,0.283426,0.933857,-0.650431,0.217283,1.66467,1.79965,0.00607713,0.195257,48991,24320,0.04864,1,0
23,2,14,58-14,latency,16,0.2,1,0.227029,0.933418,-0.706389,0.160448,1.71392,1.81002,0.00235889,0.277533,31706,250560,0.50112,1,0
23,1,117,117,latency,16,0.2,0,0.285906,0.934095,-0.648189,0.220001,1.66281,1.79603,0.00383271,0.212077,60277,479232,0.958464,1,0
23,2,5,35-5,direct,1,1,1,0.159824,0.932778,-0.772953,0.0926022,1.77537,1.85275,0.0255405,0.337667,18601,9135,0.01827,1,0
23,1,43,43,latency,16,0.2,0,0.23986,0.924129,-0.68427,0.163989,1.69223,1.79166,0.00254435,0.211678,22315,176128,0.352256,1,0
24,2,10,14-10,direct,1,1,0,0.116365,0.939458,-0.823093,0.0558226,1.82395,1.87583,0.0135659,0.459695,7742,3724,0.007448,1,0
24,1,3,3,poisson,16,0.2,2,0.206715,0.934744,-0.728029,0.14146,1.73381,1.82693,0.00731493,0.0247131,1795,12288,0.024576,1,0
24,1,90,90,direct,1,1,2,0.282076,0.935554,-0.653478,0.21763,1.66774,1.79778,0.00244605,0.194581,46426,23040,0.04608,1,0
24,1,29,29,direct,1,1,1,0.235526,0.923144,-0.687617,0.15867,1.69506,1.79175,0.0031701,0.157656,15133,7424,0.014848,1,0
24,1,74,74,direct,1,1,2,0.284291,0.935342,-0.651052,0.219633,1.6656,1.79693,0.0034734,0.192963,38218,18944,0.037888,1,0
24,1,57,57,poisson,16,0.2,1,0.261105,0.933108,-0.672003,0.194213,1.68324,1.79918,0.00213654,0.240213,29497,233472,0.466944,1,0
24,2,33,111-33,direct,1,1,1,0.236709,0.933526,-0.696817,0.170235,1.70533,1.80836,0.00255777,0.542952,64669,32079,0.064158,1,0
24,3,2,87-17-2,latency,16,0.2,2,0.111136,0.90787,-0.796734,0.0190068,1.79683,1.81568,0.00902114,0.281869,48036,380560,0.76112,1,0
24,2,68,115-68,direct,1,1,1,0.266526,0.937803,-0.671277,0.20433,1.68372,1.80355,9.81595e-05,0.522423,75074,37260,0.07452,1,0
24,1,99,99,direct,1,1,0,0.297109,0.935788,-0.638679,0.232897,1.65515,1.79513,0.00251923,0.195778,51043,25344,0.050688,1,0
24,2,1,33-1,direct,1,1,1,0,0.94828,-0.94828,-0.0517196,1.94897,1.98252,0.00233753,0.38935,17285,8481,0.016962,1,0
25,2,90,120-90,direct,1,1,2,0.275179,0.93649,-0.661311,0.21167,1.67474,1.803,0.00310632,0.478629,83626,41520,0.08304,1,0
25,3,31,33-32-31,direct,1,1,0,0.188945,0.940681,-0.751736,0.129626,1.75653,1.84601,0.0169795,0.472013,21409,10496,0.020992,1,0
25,2,14,26-14,direct,1,1,2,0.175637,0.939352,-0.763715,0.114989,1.76746,1.84273,0.0100231,0.399726,14362,7020,0.01404,1,0
25,1,60,60,poisson,16,0.2,0,0.279176,0.933902,-0.654726,0.213079,1.66839,1.79792,0.00382471,0.240228,31036,245760,0.49152,1,0
25,2,3,31-3,direct,1,1,2,0.110688,0.944092,-0.833404,0.0547793,1.83422,1.87514,0.0114336,0.348219,16379,8029,0.016058,1,0
25,1,85,85,direct,1,1,0,0.279183,0.933654,-0.654471,0.212837,1.6681,1.79654,0.00443638,0.192894,43861,21760,0.04352,1,0
25,3,26,86-31-26,direct,1,1,2,0.215786,0.937963,-0.722177,0.153749,1.72903,1.82985,0.0111002,0.529815,51492,25488,0.050976,1,0
25,3,2,35-10-2,direct,1,1,2,0,0.975728,-0.975728,-0.0242725,1.97588,1.99105,0.000830787,0.382382,19008,9330,0.01866,1,0
25,1,122,122,poisson,16,0.2,1,0.279401,0.939481,-0.66008,0.218882,1.67445,1.80334,0.000689149,0.257501,62842,499712,0.999424,1,0
25,1,111,111,poisson,16,0.2,1,0.280773,0.937493,-0.65672,0.218266,1.67104,1.80132,0.00217235,0.256956,57199,454656,0.909312,1,0
25,1,1,1,latency,16,0.2,2,0.20663,0.925265,-0.718634,0.131895,1.72369,1.8571,0.0436404,0.039536,769,4096,0.008192,1,0
25,1,37,37,direct,1,1,0,0.241135,0.924796,-0.683661,0.165931,1.69182,1.79344,0.00499442,0.156896,19237,9472,0.018944,1,0
25,2,7,15-7,direct,1,1,2,0.146474,0.929573,-0.783099,0.0760465,1.78472,1.86528,0.0276975,0.445592,8183,3945,0.00789,1,0
26,1,23,23,direct,1,1,1,0.225856,0.922924,-0.697068,0.14878,1.70358,1.79707,0.00492744,0.14961,12055,5888,0.011776,1,0
26,3,31,84-60-31,direct,1,1,1,0.216052,0.93795,-0.721898,0.154003,1.72877,1.82141,0.00172033,0.545137,57383,28404,0.056808,1,0
26,1,28,28,direct,1,1,2,0.225949,0.924868,-0.698919,0.150817,1.7056,1.79668,0.00197876,0.147633,14620,7168,0.014336,1,0
26,2,7,71-7,direct,1,1,1,0.174262,0.937472,-0.76321,0.111734,1.76675,1.83679,0.00326627,0.395412,37751,18673,0.037346,1,0
26,4,60,111-89-84-60,direct,1,1,2,0.163089,0.932983,-0.769894,0.0960718,1.7725,1.84754,0.0143558,0.873109,102506,50811,0.101622,1,0
26,2,71,90-71,direct,1,1,1,0.270064,0.936217,-0.666153,0.206281,1.67887,1.80157,0.00202588,0.529677,59367,29430,0.05886,1,0
26,3,7,71-41-7,direct,1,1,1,0.143409,0.93681,-0.793401,0.0802195,1.79519,1.85937,0.0163865,0.735074,43235,21374,0.042748,1,0
26,2,4,11-4,direct,1,1,0,0.0945965,0.955225,-0.860628,0.0498214,1.8613,1.9207,0.0218671,0.397938,6002,2860,0.00572,1,0
26,2,92,111-92,direct,1,1,0,0.281107,0.93545,-0.654343,0.216556,1.66846,1.80001,0.00351948,0.505482,77826,38628,0.077256,1,0
27,2,31,116-31,direct,1,1,1,0.259849,0.935036,-0.675187,0.194885,1.68648,1.80396,0.00267296,0.465028,67103,33292,0.066584,1,0
27,2,3,106-3,direct,1,1,2,0.132412,0.915035,-0.782623,0.0474475,1.78325,1.83279,0.0155726,0.491331,55379,27454,0.054908,1,0
27,4,15,111-84-42-15,direct,1,1,2,0.121709,0.94821,-0.826501,0.0699188,1.82784,1.87642,0.00541081,0.790066,84541,41898,0.083796,1,0
27,2,75,78-75,direct,1,1,0,0.263807,0.934614,-0.670807,0.198421,1.68255,1.80424,0.00407878,0.502723,52123,25818,0.051636,1,0
27,2,1,3-1,direct,1,1,0,1,1,0,1,1.41421,2,0,0,1805,771,0.001542,0,1
27,2,3,102-3,direct,1,1,1,0.177034,0.922751,-0.745717,0.0997858,1.74857,1.8256,0.0148615,0.546887,53299,26418,0.052836,1,0
27,1,6,6,direct,1,1,0,0.236887,0.926609,-0.689723,0.163496,1.69761,1.80095,0.00549059,0.103094,3334,1536,0.003072,1,0
27,2,2,84-2,direct,1,1,0,0.123137,0.911111,-0.787974,0.034248,1.7883,1.85354,0.0369849,0.525011,43770,21672,0.043344,1,0
27,2,91,106-91,direct,1,1,1,0.274379,0.937559,-0.66318,0.211938,1.67663,1.80321,0.00171545,0.510164,74123,36782,0.073564,1,0
27,2,2,11-2,direct,1,1,2,0.0375258,0.956085,-0.918559,-0.00638951,1.91857,1.94878,0.0187333,0.293179,5956,2838,0.005676,1,0
27,3,31,121-97-31,direct,1,1,0,0.226704,0.931294,-0.704589,0.157998,1.7119,1.81139,0.00495372,0.802382,92163,45720,0.09144,1,0
27,2,2,84-2,latency,16,0.2,0,0.164194,0.9125,-0.748306,0.0766944,1.74999,1.81141,0.0199812,0.256047,43770,346752,0.693504,1,0
27,1,122,122,latency,16,0.2,1,0.28627,0.936067,-0.649797,0.222337,1.66471,1.79853,0.00257189,0.216192,62842,499712,0.999424,1,0
28,1,63,63,direct,1,1,0,0.271266,0.9323,-0.661035,0.203566,1.67346,1.79448,0.00177802,0.180131,32575,16128,0.032256,1,0
28,2,4,62-4,direct,1,1,1,0.181609,0.932837,-0.751229,0.114446,1.75496,1.83124,0.010396,0.413957,32624,16120,0.03224,1,0
28,4,31,84-76-60-31,direct,1,1,2,0.151362,0.948131,-0.796769,0.0994936,1.79952,1.86406,0.00515771,0.767219,69343,34308,0.068616,1,0
28,2,66,111-66,direct,1,1,0,0.261734,0.93555,-0.673816,0.197284,1.6854,1.80524,0.00363075,0.511281,72028,35742,0.071484,1,0
28,3,31,84-60-31,poisson,16,0.2,1,0.235002,0.929497,-0.694496,0.164499,1.70246,1.79934,0.000729233,0.477608,57383,454464,0.908928,1,0
28,3,29,85-81-29,latency,16,0.2,1,0.253805,0.93436,-0.680555,0.188164,1.69106,1.80541,0.00304819,0.395825,62605,495904,0.991808,1,0
28,2,4,48-4,direct,1,1,1,0.196231,0.934193,-0.737962,0.130424,1.74285,1.83662,0.0126422,0.404816,25316,12480,0.02496,1,0
28,2,14,72-14,direct,1,1,2,0.224501,0.93374,-0.709238,0.158241,1.71655,1.81447,0.00699862,0.458519,39294,19440,0.03888,1,0
28,2,3,94-3,direct,1,1,1,0.132772,0.915432,-0.782661,0.0482036,1.78331,1.82527,0.010648,0.430699,49139,24346,0.048692,1,0
28,2,60,104-60,direct,1,1,0,0.260548,0.937194,-0.676645,0.197742,1.68827,1.80628,0.00250592,0.476988,66252,32864,0.065728,1,0
29,2,60,84-60,direct,1,1,1,0.245721,0.93375,-0.688029,0.179471,1.69754,1.80332,0.000899734,0.495793,53572,26544,0.053088,1,0
29,3,2,88-44-2,direct,1,1,0,0.052531,0.93955,-0.887019,-0.00791876,1.88704,1.90786,0.0209932,0.8984,53498,26488,0.052976,1,0
29,2,36,73-36,direct,1,1,1,0.233563,0.932411,-0.698848,0.165974,1.70694,1.80652,0.00185504,0.526149,43070,21316,0.042632,1,0
29,1,68,68,latency,16,0.2,0,0.278205,0.934452,-0.656246,0.212657,1.66984,1.7978,0.00247058,0.205791,35140,278528,0.557056,1,0
29,1,123,123,direct,1,1,0,0.288264,0.935963,-0.647699,0.224227,1.66289,1.79642,0.00169791,0.198347,63355,31488,0.062976,1,0
29,1,69,69,poisson,16,0.2,0,0.287393,0.934905,-0.647513,0.222298,1.66244,1.79771,0.00383214,0.243636,35653,282624,0.565248,1,0
30,1,56,56,direct,1,1,0,0.253189,0.930844,-0.677655,0.184033,1.68772,1.79654,0.00130979,0.178343,28984,14336,0.028672,1,0
30,1,52,52,direct,1,1,0,0.265541,0.931194,-0.665653,0.196735,1.67723,1.79437,0.00142851,0.174782,26932,13312,0.026624,1,0
30,1,95,95,latency,16,0.2,0,0.286228,0.934464,-0.648236,0.220692,1.66295,1.79762,0.00386147,0.214394,48991,389120,0.77824,1,0
30,1,24,24,direct,1,1,1,0.23753,0.919455,-0.681925,0.156986,1.68924,1.78855,0.00556791,0.147571,12568,6144,0.012288,1,0
30,2,4,112-4,poisson,16,0.2,1,0.160484,0.922421,-0.761936,0.0829051,1.76389,1.81823,0.00408831,0.277532,58724,465920,0.93184,1,0
30,1,46,46,direct,1,1,0,0.257591,0.929193,-0.671602,0.186783,1.682,1.7968,0.00385369,0.174361,23854,11776,0.023552,1,0
30,2,4,122-4,direct,1,1,2,0.166095,0.922487,-0.756392,0.0885817,1.75862,1.82138,0.00779587,0.43348,63944,31720,0.06344,1,0
30,2,2,70-2,poisson,16,0.2,2,0.169899,0.923876,-0.753977,0.0937746,1.75648,1.8371,0.0211576,0.17502,36518,288960,0.57792,1,0
30,1,72,72,poisson,16,0.2,2,0.277875,0.938378,-0.660503,0.216253,1.67453,1.80152,0.00026201,0.247359,37192,294912,0.589824,1,0
30,2,13,14-13,direct,1,1,0,0.173694,0.933873,-0.760178,0.107567,1.76346,1.84356,0.0121408,0.5664,7829,3766,0.007532,1,0
30,2,1,97-1,direct,1,1,1,0,0.946164,-0.946164,-0.053836,1.94691,1.98362,0.00367799,0.460936,50309,24929,0.049858,1,0
31,2,24,69-24,direct,1,1,2,0.238411,0.933185,-0.694773,0.171596,1.70344,1.81193,0.00818896,0.441987,39058,19320,0.03864,1,0
31,2,31,101-31,latency,16,0.2,0,0.274242,0.937502,-0.66326,0.211744,1.67668,1.80174,0.00119413,0.31154,58463,463792,0.927584,1,0
31,2,2,64-2,direct,1,1,1,0.0858842,0.916468,-0.830584,0.00235248,1.83059,1.85413,0.0167068,0.462711,33410,16512,0.033024,1,0
31,1,11,11,latency,16,0.2,0,0.149556,0.909283,-0.759727,0.0588391,1.76071,1.80197,0.00772481,0.149378,5899,45056,0.090112,1,0
31,2,4,81-4,direct,1,1,0,0.171316,0.92662,-0.755305,0.0979361,1.75803,1.8221,0.00869285,0.474728,42542,21060,0.04212,1,0
31,3,80,85-81-80,direct,1,1,2,0.234137,0.932591,-0.698454,0.166728,1.70662,1.80565,0.00180236,0.656547,70918,35125,0.07025,1,0
31,2,1,83-1,direct,1,1,1,0,0.940344,-0.940344,-0.0596561,1.94126,1.9823,0.00430987,0.42779,43085,21331,0.042662,1,0
31,2,91,118-91,direct,1,1,2,0.270974,0.937232,-0.666257,0.208206,1.67922,1.80365,0.00175554,0.502746,82475,40946,0.081892,1,0
31,1,31,31,latency,16,0.2,1,0.226076,0.917712,-0.691636,0.143789,1.69774,1.79467,0.00979666,0.190557,16159,126976,0.253952,1,0
32,2,4,117-4,direct,1,1,0,0.158379,0.936673,-0.778294,0.0950528,1.78083,1.8519,0.0180407,0.446918,61334,30420,0.06084,1,0
32,1,14,14,poisson,16,0.2,0,0.157193,0.9161,-0.758907,0.0732928,1.76043,1.80956,0.00524347,0.167672,7438,57344,0.114688,1,0
32,1,1,1,poisson,16,0.2,0,0.21392,0.926587,-0.712668,0.140507,1.71842,1.89596,0.0730134,0.0096054,769,4096,0.008192,1,0
32,1,43,43,direct,1,1,2,0.271959,0.929753,-0.657794,0.201712,1.67002,1.79152,0.00453342,0.170867,22315,11008,0.022016,1,0
32,1,58,58,poisson,16,0.2,1,0.269121,0.932195,-0.663074,0.201316,1.67521,1.79728,0.00318337,0.244854,30010,237568,0.475136,1,0
32,2,44,88-44,direct,1,1,2,0.242449,0.932967,-0.690517,0.175416,1.69959,1.80751,0.00385987,0.50375,53276,26400,0.0528,1,0
32,2,4,39-4,direct,1,1,1,0.116645,0.937235,-0.820591,0.0538801,1.82139,1.86581,0.0109354,0.40621,20618,10140,0.02028,1,0
32,2,2,116-2,direct,1,1,0,0.109729,0.930556,-0.820827,0.0402841,1.82127,1.88812,0.0428011,0.52768,60346,29928,0.059856,1,0
32,2,4,76-4,latency,16,0.2,0,0.155718,0.915509,-0.759791,0.0712271,1.76123,1.80524,0.00238046,0.281558,39932,316160,0.63232,1,0
32,3,4,81-66-4,poisson,16,0.2,1,0.109831,0.915873,-0.806042,0.0257043,1.80622,1.82966,0.00966622,0.695374,53246,421536,0.843072,1,0
33,2,46,80-46,direct,1,1,0,0.250584,0.931571,-0.680987,0.182154,1.69083,1.80108,0.00259711,0.519611,48782,24160,0.04832,1,0
33,2,121,127-121,direct,1,1,0,0.288076,0.937624,-0.649548,0.2257,1.66492,1.79971,0.00222217,0.488242,96389,47879,0.095758,1,0
33,2,4,17-4,direct,1,1,1,0.0979144,0.936739,-0.838825,0.0346538,1.83915,1.90593,0.0547328,0.440308,9134,4420,0.00884,1,0
33,2,6,31-6,direct,1,1,2,0.157823,0.931063,-0.77324,0.0888857,1.77547,1.84269,0.0125433,0.40592,16568,8122,0.016244,1,0
33,1,80,80,direct,1,1,2,0.2905,0.935243,-0.644743,0.225743,1.66016,1.79581,0.00446914,0.191819,41296,20480,0.04096,1,0
33,1,33,33,latency,16,0.2,1,0.218323,0.922198,-0.703876,0.140521,1.70966,1.79667,0.00516643,0.199563,17185,135168,0.270336,1,0
33,1,57,57,latency,16,0.2,1,0.265463,0.929845,-0.664382,0.195309,1.6758,1.79395,0.00284349,0.212263,29497,233472,0.466944,1,0
33,2,7,31-7,direct,1,1,1,0.176843,0.937132,-0.760289,0.113974,1.76397,1.85078,0.0178336,0.372173,16631,8153,0.016306,1,0
33,2,32,46-32,direct,1,1,1,0.229487,0.932498,-0.703012,0.161985,1.7107,1.81341,0.00688244,0.466169,26876,13248,0.026496,1,0
33,2,2,111-2,direct,1,1,2,0.052893,0.932209,-0.879316,-0.014898,1.87938,1.9095,0.0151534,0.392408,57756,28638,0.057276,1,0
33,2,19,63-19,direct,1,1,1,0.232745,0.930465,-0.69772,0.163211,1.70555,1.8155,0.010619,0.403422,35051,17325,0.03465,1,0
33,1,46,46,latency,16,0.2,0,0.242927,0.927346,-0.68442,0.170273,1.693,1.79738,0.00357858,0.212338,23854,188416,0.376832,1,0
33,2,27,87-27,latency,16,0.2,2,0.27108,0.93566,-0.66458,0.206741,1.67737,1.80189,0.00395142,0.32298,49699,393936,0.787872,1,0
33,1,107,107,direct,1,1,1,0.287056,0.934377,-0.64732,0.221433,1.66214,1.79702,0.00393057,0.196715,55147,27392,0.054784,1,0
34,2,2,41-2,direct,1,1,2,0.0715307,0.927579,-0.856049,-0.000889936,1.85605,1.91448,0.0441054,0.508881,21496,10578,0.021156,1,0
34,2,3,118-3,direct,1,1,1,0.127196,0.911552,-0.784356,0.0387476,1.78478,1.81829,0.00963012,0.4229,61619,30562,0.061124,1,0
34,1,75,75,poisson,16,0.2,2,0.267201,0.936023,-0.668822,0.203223,1.68115,1.80184,0.00123659,0.248812,38731,307200,0.6144,1,0
34,1,67,67,direct,1,1,2,0.269132,0.933704,-0.664573,0.202836,1.67689,1.79648,0.000748907,0.183585,34627,17152,0.034304,1,0
34,2,3,77-3,poisson,16,0.2,2,0.1522,0.909436,-0.757236,0.0616357,1.75832,1.8078,0.0155569,0.260086,40299,319088,0.638176,1,0
34,1,103,103,direct,1,1,1,0.285656,0.935499,-0.649843,0.221154,1.6646,1.79705,0.00288285,0.195429,53095,26368,0.052736,1,0
34,1,17,17,direct,1,1,2,0.244606,0.921662,-0.677056,0.166268,1.68528,1.79183,0.00667484,0.126699,8977,4352,0.008704,1,0
34,4,1,55-44-2-1,direct,1,1,1,0,0.990476,-0.990476,-0.00952381,1.9905,1.99757,0.00173531,0.201524,33639,16590,0.03318,1,0
34,2,2,37-2,direct,1,1,1,0.0836745,0.949272,-0.865598,0.032947,1.86589,1.89114,0.00468593,0.437215,19424,9546,0.019092,1,0
34,4,1,44-7-2-1,direct,1,1,1,0,0.99246,-0.99246,-0.00753968,1.99247,1.99896,0.00146549,0.471541,23539,11588,0.023176,1,0
34,2,4,31-4,direct,1,1,1,0.150243,0.940344,-0.790101,0.0905866,1.79239,1.85275,0.00903007,0.411917,16442,8060,0.01612,1,0
35,2,3,94-3,latency,16,0.2,0,0.175265,0.902293,-0.727028,0.0775576,1.72877,1.79356,0.0137888,0.339336,49139,389536,0.779072,1,0
35,2,3,113-3,direct,1,1,1,0.115602,0.926058,-0.810456,0.0416601,1.81094,1.84169,0.00750399,0.35431,59019,29267,0.058534,1,0
35,2,31,121-31,poisson,16,0.2,1,0.25108,0.934468,-0.683388,0.185549,1.69358,1.81012,0.00612957,0.384854,69983,555632,1.11126,1,0
35,4,2,44-31-7-2,poisson,16,0.2,1,0.0956105,0.926852,-0.831241,0.0224624,1.83138,1.89077,0.0349025,0.322698,26140,205744,0.411488,1,0
35,2,61,63-61,poisson,16,0.2,0,0.265276,0.937178,-0.671902,0.202454,1.68412,1.80613,0.00293557,0.275759,40385,319536,0.639072,1,0
35,2,13,22-13,direct,1,1,2,0.219351,0.937841,-0.71849,0.157192,1.72566,1.82561,0.00983487,0.400201,12149,5918,0.011836,1,0
35,2,31,62-31,direct,1,1,2,0.250628,0.931097,-0.68047,0.181725,1.69027,1.80753,0.00801076,0.490654,35999,17794,0.035588,1,0
35,2,14,23-14,direct,1,1,1,0.172573,0.940448,-0.767875,0.113021,1.77148,1.8439,0.00440987,0.383984,12736,6210,0.01242,1,0
35,1,104,104,latency,16,0.2,0,0.276284,0.933667,-0.657383,0.209951,1.67063,1.79697,0.00280303,0.212453,53608,425984,0.851968,1,0
35,2,1,30-1,direct,1,1,2,0,0.957275,-0.957275,-0.0427249,1.95774,1.98413,0.00188372,0.523455,15737,7710,0.01542,1,0
36,2,1,106-1,direct,1,1,1,0,0.960582,-0.960582,-0.039418,1.96098,1.9851,0.000854268,0.514069,54953,27242,0.054484,1,0
36,2,1,48-1,direct,1,1,1,0,0.957937,-0.957937,-0.0420635,1.95839,1.98568,0.0020436,0.477384,25025,12336,0.024672,1,0
36,2,7,12-7,direct,1,1,2,0.119873,0.946126,-0.826253,0.0659991,1.82745,1.89395,0.0200461,0.451078,6599,3156,0.006312,1,0
36,2,5,102-5,direct,1,1,0,0.224058,0.927222,-0.703164,0.15128,1.70987,1.81918,0.0155002,0.477276,53709,26622,0.053244,1,0
36,3,7,68-44-7,direct,1,1,0,0.178785,0.931444,-0.752659,0.110229,1.75612,1.84583,0.0221443,0.768454,41903,20708,0.041416,1,0
36,1,38,38,direct,1,1,2,0.255189,0.927861,-0.672673,0.18305,1.68266,1.79107,0.000912587,0.164561,19750,9728,0.019456,1,0
36,2,7,109-7,latency,16,0.2,1,0.224966,0.924301,-0.699335,0.149267,1.70588,1.80413,0.00943434,0.354494,57815,458672,0.917344,1,0
36,2,80,126-80,poisson,16,0.2,0,0.275653,0.938194,-0.662541,0.213848,1.67624,1.80329,0.00128416,0.327773,85260,677376,1.35475,1,0
37,1,13,13,direct,1,1,2,0.222652,0.91975,-0.697097,0.142402,1.70306,1.78898,0.0033542,0.121675,6925,3328,0.006656,1,0
37,4,1,118-68-2-1,direct,1,1,0,0,1,-1,0,2,2,0,0.363451,77373,38370,0.07674,1,0
37,1,27,27,poisson,16,0.2,0,0.198385,0.922898,-0.724513,0.121284,1.72877,1.80528,0.00542719,0.224813,14107,110592,0.221184,1,0
37,1,53,53,direct,1,1,1,0.282613,0.932702,-0.650089,0.215315,1.66408,1.79512,0.00392597,0.175758,27445,13568,0.027136,1,0
37,2,46,121-46,poisson,16,0.2,0,0.285061,0.937247,-0.652186,0.222308,1.66707,1.8031,0.00427873,0.352867,73628,584672,1.16934,1,0
37,2,93,113-93,direct,1,1,0,0.272818,0.936454,-0.663636,0.209271,1.67675,1.80361,0.00338691,0.51423,79449,39437,0.078874,1,0
37,2,14,39-14,poisson,16,0.2,1,0.223109,0.927891,-0.704782,0.151,1.71146,1.8082,0.0103045,0.183525,21408,168480,0.33696,1,0
37,2,14,95-14,direct,1,1,2,0.219627,0.93374,-0.714113,0.153366,1.72096,1.81491,0.00292503,0.419034,51760,25650,0.0513,1,0
37,2,47,124-47,latency,16,0.2,1,0.268467,0.935962,-0.667495,0.204429,1.67998,1.80061,0.0011417,0.349189,75695,601152,1.2023,1,0
37,1,81,81,poisson,16,0.2,1,0.27849,0.934932,-0.656442,0.213422,1.67013,1.79928,0.00293487,0.250754,41809,331776,0.663552,1,0
38,1,12,12,direct,1,1,1,0.200629,0.918067,-0.717437,0.118696,1.72153,1.79995,0.0089192,0.128873,6412,3072,0.006144,1,0
38,2,31,123-31,latency,16,0.2,1,0.262119,0.935637,-0.673518,0.197757,1.68516,1.80158,0.000405051,0.356154,71135,564816,1.12963,1,0
38,4,2,68-44-7-2,direct,1,1,0,0,0.974405,-0.974405,-0.0255952,1.97457,1.99288,0.00339388,0.676453,41940,20722,0.041444,1,0
38,1,108,108,poisson,16,0.2,0,0.287342,0.938442,-0.6511,0.225784,1.66647,1.80116,0.00226512,0.253932,55660,442368,0.884736,1,0
38,2,3,99-3,direct,1,1,2,0.123386,0.918386,-0.795,0.0417725,1.79549,1.83584,0.0126421,0.442242,51739,25641,0.051282,1,0
38,1,112,112,direct,1,1,1,0.277467,0.936392,-0.658925,0.213859,1.67265,1.79871,0.000839715,0.198629,57712,28672,0.057344,1,0
38,2,35,46-35,poisson,16,0.2,0,0.274688,0.938254,-0.663566,0.212942,1.67714,1.80479,0.00207104,0.242887,27155,214176,0.428352,1,0
38,1,65,65,poisson,16,0.2,1,0.272669,0.932664,-0.659995,0.205333,1.67265,1.79869,0.00408028,0.246307,33601,266240,0.53248,1,0
38,2,3,122-3,latency,16,0.2,2,0.1808,0.920767,-0.739967,0.101568,1.74293,1.8108,0.00721301,0.358613,63699,505568,1.01114,1,0
38,1,52,52,poisson,16,0.2,2,0.251403,0.933298,-0.681895,0.184701,1.69201,1.80087,0.000711731,0.242271,26932,212992,0.425984,1,0
38,2,3,54-3,direct,1,1,1,0.082645,0.913228,-0.830582,-0.00412745,1.83059,1.85681,0.0201647,0.470534,28339,13986,0.027972,1,0
38,2,80,102-80,direct,1,1,1,0.2665,0.93838,-0.67188,0.20488,1.68439,1.80634,0.00146076,0.499943,69084,34272,0.068544,1,0
38,2,1,31-1,direct,1,1,1,0,0.958069,-0.958069,-0.0419312,1.95852,1.98512,0.00150839,0.436791,16253,7967,0.015934,1,0
38,2,4,110-4,direct,1,1,1,0.164261,0.91412,-0.749859,0.0783814,1.75161,1.81461,0.0127781,0.459383,57680,28600,0.0572,1,0
38,4,2,68-44-7-2,poisson,16,0.2,2,0.046082,0.934127,-0.888045,-0.019791,1.88815,1.94569,0.0325435,0.711179,41940,331552,0.663104,1,0
39,1,61,61,direct,1,1,0,0.268345,0.93234,-0.663995,0.200685,1.67605,1.79426,0.000606389,0.182939,31549,15616,0.031232,1,0
39,3,13,109-31-13,direct,1,1,2,0.198048,0.940853,-0.742805,0.138901,1.74833,1.83235,0.00325913,0.624146,63921,31686,0.063372,1,0
39,2,2,3-2,poisson,16,0.2,2,0.165607,0.948942,-0.783334,0.114549,1.78701,1.93267,0.058306,0.174947,1812,12384,0.024768,1,0
39,3,3,117-7-3,direct,1,1,2,0.0340776,0.990653,-0.956575,0.0247302,1.95673,1.98445,0.00978874,0.909886,62091,30792,0.061584,1,0
39,1,44,44,poisson,16,0.2,2,0.263538,0.93367,-0.670132,0.197208,1.68173,1.80105,0.00334539,0.226123,22828,180224,0.360448,1,0
39,3,3,48-14-3,direct,1,1,0,0.0703355,0.959127,-0.888791,0.0294625,1.88902,1.93397,0.0322437,0.835297,26387,13002,0.026004,1,0
39,2,14,36-14,direct,1,1,0,0.187026,0.935365,-0.748339,0.122391,1.75262,1.83163,0.00520982,0.470497,19782,9720,0.01944,1,0
39,2,23,31-23,direct,1,1,1,0.226132,0.937601,-0.711469,0.163732,1.71928,1.82781,0.00936111,0.450968,17639,8649,0.017298,1,0
39,2,3,10-3,latency,16,0.2,1,0.153803,0.908201,-0.754398,0.0620042,1.75549,1.8243,0.0233435,0.161754,5459,41440,0.08288,1,0
39,2,31,43-31,direct,1,1,1,0.233183,0.929647,-0.696464,0.16283,1.70426,1.81156,0.00844454,0.457495,25055,12341,0.024682,1,0
39,2,13,31-13,poisson,16,0.2,2,0.257376,0.928887,-0.671511,0.186262,1.68186,1.79605,0.00442803,0.212226,17009,133424,0.266848,1,0
39,2,1,11-1,direct,1,1,0,0,0.949868,-0.949868,-0.0501323,1.95051,1.98515,0.00376598,0.554248,5933,2827,0.005654,1,0
40,2,40,82-40,direct,1,1,0,0.264428,0.93416,-0.669732,0.198588,1.6815,1.80276,0.00350815,0.495095,49004,24272,0.048544,1,0
40,2,4,73-4,direct,1,1,1,0.160228,0.927976,-0.767748,0.0882039,1.76995,1.828,0.00767173,0.42928,38366,18980,0.03796,1,0
40,2,2,31-2,direct,1,1,2,0.0722157,0.949272,-0.877057,0.0214882,1.87718,1.90576,0.017468,0.418262,16316,7998,0.015996,1,0
40,2,31,120-31,poisson,16,0.2,0,0.285812,0.936862,-0.65105,0.222674,1.666,1.80119,0.00413184,0.326153,69407,551040,1.10208,1,0
40,2,43,108-43,poisson,16,0.2,1,0.277843,0.937917,-0.660074,0.21576,1.67404,1.80359,0.00237753,0.312754,65099,516672,1.03334,1,0
40,2,3,63-3,poisson,16,0.2,0,0.182181,0.922663,-0.740482,0.104844,1.74364,1.81351,0.00633177,0.1868,33019,261072,0.522144,1,0
40,2,31,110-31,direct,1,1,0,0.25821,0.936444,-0.678234,0.194654,1.68948,1.8056,0.00207744,0.454765,63647,31570,0.06314,1,0
41,3,2,108-43-2,direct,1,1,0,0.0399735,0.957275,-0.917302,-0.00275134,1.9173,1.93472,0.0203403,0.973115,65316,32378,0.064756,1,0
41,2,7,44-7,latency,16,0.2,0,0.246034,0.931614,-0.68558,0.177648,1.69492,1.81439,0.0113362,0.204698,23495,185152,0.370304,1,0
41,2,2,62-2,poisson,16,0.2,0,0.220077,0.917725,-0.697648,0.137802,1.70323,1.80262,0.0133128,0.225087,32374,255936,0.511872,1,0
41,1,121,121,poisson,16,0.2,2,0.281096,0.938526,-0.65743,0.219622,1.67192,1.80233,0.00228582,0.258434,62329,495616,0.991232,1,0
41,2,1,125-1,direct,1,1,2,0,0.956349,-0.956349,-0.0436508,1.95684,1.98376,0.00119963,0.567603,64757,32125,0.06425,1,0
41,2,46,82-46,direct,1,1,0,0.257032,0.937696,-0.680663,0.194728,1.69191,1.80673,0.000582092,0.508372,49994,24764,0.049528,1,0
41,2,13,31-13,direct,1,1,0,0.19285,0.932764,-0.739914,0.125613,1.74444,1.82736,0.0102288,0.370691,17009,8339,0.016678,1,0
41,2,31,71-31,latency,16,0.2,1,0.258356,0.937263,-0.678907,0.19562,1.69026,1.80965,0.00407443,0.313334,41183,326032,0.652064,1,0
42,2,1,60-1,latency,16,0.2,1,0.0778702,0.907937,-0.830066,-0.0141933,1.83012,1.87022,0.0226879,0.357643,31217,246720,0.49344,1,0
42,1,36,36,direct,1,1,1,0.248928,0.927458,-0.678531,0.176386,1.68777,1.79442,0.0029996,0.159789,18724,9216,0.018432,1,0
42,2,47,82-47,direct,1,1,2,0.244184,0.935641,-0.691457,0.179825,1.70099,1.80724,0.00102996,0.457928,50159,24846,0.049692,1,0
42,2,3,84-3,poisson,16,0.2,0,0.19326,0.928924,-0.735664,0.122184,1.73996,1.82348,0.010468,0.240878,43939,348096,0.696192,1,0
42,2,46,89-46,direct,1,1,0,0.255088,0.935131,-0.680043,0.190218,1.69078,1.80582,0.0033279,0.488869,54236,26878,0.053756,1,0
42,2,1,41-1,direct,1,1,0,0,0.955952,-0.955952,-0.0440476,1.95645,1.98329,0.000739152,0.571696,21413,10537,0.021074,1,0
42,1,46,46,poisson,16,0.2,0,0.254267,0.929972,-0.675705,0.184238,1.6858,1.79887,0.0057028,0.239505,23854,188416,0.376832,1,0
42,2,4,5-4,direct,1,1,2,0,0.990675,-0.990675,-0.0093254,1.9907,1.99757,0.0017228,0.344371,2870,1300,0.0026,1,0
43,2,5,9-5,direct,1,1,2,0.137881,0.957116,-0.819236,0.094997,1.82171,1.90509,0.0202915,0.421485,4977,2349,0.004698,1,0
43,1,13,13,poisson,16,0.2,1,0.153053,0.909829,-0.756776,0.0628818,1.7579,1.80231,0.00889825,0.140779,6925,53248,0.106496,1,0
43,1,39,39,latency,16,0.2,2,0.231764,0.925204,-0.693439,0.156968,1.7007,1.79548,0.00210507,0.205202,20263,159744,0.319488,1,0
43,2,21,48-21,direct,1,1,0,0.215434,0.934215,-0.718782,0.149649,1.72528,1.81385,0.00112338,0.500142,26965,13296,0.026592,1,0
43,2,3,46-3,latency,16,0.2,2,0.169784,0.922399,-0.752615,0.0921826,1.75504,1.8117,0.00267951,0.216899,24179,190624,0.381248,1,0
43,1,114,114,direct,1,1,0,0.289287,0.935439,-0.646153,0.224726,1.66142,1.79714,0.00334308,0.19809,58738,29184,0.058368,1,0
43,2,36,101-36,direct,1,1,2,0.260233,0.931919,-0.671685,0.192152,1.68269,1.80052,0.00394968,0.492473,59478,29492,0.058984,1,0
43,2,31,64-31,direct,1,1,2,0.250791,0.932937,-0.682146,0.183727,1.69215,1.80542,0.00445995,0.419394,37151,18368,0.036736,1,0
43,2,53,101-53,direct,1,1,1,0.268308,0.936683,-0.668374,0.204991,1.68092,1.80705,0.00475292,0.508148,62929,31209,0.062418,1,0
43,2,88,127-88,direct,1,1,1,0.269724,0.938179,-0.668456,0.207903,1.68136,1.80408,0.00115664,0.496294,87974,43688,0.087376,1,0
43,2,3,121-3,direct,1,1,0,0.122097,0.922266,-0.80017,0.044363,1.80072,1.83306,0.00735761,0.526477,63179,31339,0.062678,1,0
44,1,19,19,direct,1,1,1,0.205676,0.918874,-0.713198,0.124549,1.71772,1.79724,0.00472838,0.139389,10003,4864,0.009728,1,0
44,1,98,98,poisson,16,0.2,0,0.28189,0.938057,-0.656168,0.219947,1.67071,1.8024,0.00202503,0.255511,50530,401408,0.802816,1,0
44,2,14,115-14,direct,1,1,2,0.255096,0.933333,-0.678237,0.18843,1.68878,1.80957,0.00736477,0.539183,62600,31050,0.0621,1,0
44,2,53,114-53,direct,1,1,0,0.265479,0.937232,-0.671752,0.202711,1.684,1.80604,0.00297394,0.457838,70989,35226,0.070452,1,0
44,2,14,34-14,direct,1,1,1,0.198991,0.938927,-0.739936,0.137917,1.74539,1.83461,0.0063645,0.376935,18698,9180,0.01836,1,0
44,2,2,40-2,direct,1,1,1,0.0466329,0.95291,-0.906277,-0.000457019,1.90628,1.91205,0.00422572,0.428659,20978,10320,0.02064,1,0
44,2,3,71-3,poisson,16,0.2,1,0.198451,0.924206,-0.725755,0.122658,1.73011,1.80413,0.0025888,0.177115,37179,294224,0.588448,1,0
45,2,44,99-44,direct,1,1,1,0.270802,0.934659,-0.663857,0.205462,1.67649,1.80413,0.00535021,0.495261,59898,29700,0.0594,1,0
45,1,123,123,poisson,16,0.2,1,0.278767,0.939971,-0.661204,0.218738,1.67554,1.80531,0.0017571,0.257778,63355,503808,1.00762,1,0
45,1,29,29,latency,16,0.2,1,0.221466,0.91913,-0.697664,0.140596,1.70348,1.79713,0.00798772,0.195777,15133,118784,0.237568,1,0
45,2,27,109-27,direct,1,1,1,0.253909,0.934181,-0.680272,0.18809,1.69077,1.80383,0.00216301,0.498636,62195,30847,0.061694,1,0
45,2,31,34-31,direct,1,1,1,0.245781,0.937907,-0.692126,0.183689,1.70207,1.81613,0.00496302,0.441575,19871,9758,0.019516,1,0
45,2,3,112-3,poisson,16,0.2,0,0.198639,0.9194,-0.720762,0.118039,1.72481,1.80772,0.0110617,0.246475,58499,464128,0.928256,1,0
45,1,124,124,latency,16,0.2,1,0.287874,0.934575,-0.646701,0.222449,1.66166,1.79364,0.00210105,0.217023,63868,507904,1.01581,1,0
45,2,14,71-14,direct,1,1,1,0.246328,0.930442,-0.684114,0.176771,1.69337,1.80672,0.0114488,0.465247,38752,19170,0.03834,1,0
45,2,4,121-4,direct,1,1,0,0.135129,0.925397,-0.790268,0.0605254,1.79129,1.83933,0.00954526,0.479622,63422,31460,0.06292,1,0
46,2,34,52-34,poisson,16,0.2,2,0.250315,0.937033,-0.686718,0.187349,1.69709,1.8102,0.00285654,0.251953,30554,241280,0.48256,1,0
46,2,1,124-1,direct,1,1,1,0,0.941799,-0.941799,-0.0582011,1.94267,1.98306,0.00447483,0.583129,64241,31868,0.063736,1,0
46,2,8,34-8,direct,1,1,0,0.207828,0.938509,-0.73068,0.146337,1.73686,1.82864,0.00502136,0.374968,18284,8976,0.017952,1,0
46,2,22,44-22,direct,1,1,1,0.226702,0.936388,-0.709685,0.16309,1.71745,1.82599,0.0116533,0.419081,24830,12232,0.024464,1,0
46,2,3,5-3,latency,16,0.2,2,0.0931541,0.907451,-0.814297,0.000605556,1.8143,1.81993,0.00463731,0.167352,2859,20720,0.04144,1,0
46,2,3,34-3,direct,1,1,1,0.129611,0.937963,-0.808352,0.0675735,1.80961,1.86498,0.0123324,0.454483,17939,8806,0.017612,1,0
46,2,69,77-69,poisson,16,0.2,1,0.280353,0.938887,-0.658534,0.21924,1.67296,1.80632,0.00403533,0.268249,50529,400400,0.8008,1,0
46,2,71,109-71,latency,16,0.2,1,0.280109,0.934978,-0.65487,0.215087,1.66879,1.79862,0.00286714,0.325132,71831,570288,1.14058,1,0
46,2,72,108-72,latency,16,0.2,2,0.274535,0.935332,-0.660797,0.209867,1.674,1.7998,0.00378857,0.32638,71392,566784,1.13357,1,0
46,1,53,53,poisson,16,0.2,1,0.269529,0.934848,-0.665319,0.204377,1.67781,1.79866,0.00106112,0.238018,27445,217088,0.434176,1,0
47,2,1,29-1,direct,1,1,1,0,0.953175,-0.953175,-0.0468254,1.95374,1.98284,0.00163534,0.490844,15221,7453,0.014906,1,0
47,2,14,85-14,latency,16,0.2,1,0.249811,0.93493,-0.68512,0.184741,1.69522,1.80612,0.00193748,0.290012,46340,367200,0.7344,1,0
47,2,31,105-31,direct,1,1,2,0.256789,0.931388,-0.674598,0.188177,1.68514,1.80169,0.00502674,0.490197,60767,30135,0.06027,1,0
47,1,93,93,direct,1,1,1,0.29325,0.933247,-0.639996,0.226497,1.65556,1.79456,0.00632704,0.193346,47965,23808,0.047616,1,0
47,2,1,14-1,direct,1,1,1,0,0.953307,-0.953307,-0.0466931,1.95386,1.98769,0.00508899,0.302951,7481,3598,0.007196,1,0
47,1,13,13,latency,16,0.2,2,0.179407,0.914815,-0.735408,0.0942221,1.73796,1.80373,0.00995499,0.147226,6925,53248,0.106496,1,0
48,1,62,62,direct,1,1,1,0.282897,0.933431,-0.650534,0.216329,1.66465,1.79429,0.00236734,0.186622,32062,15872,0.031744,1,0
48,3,2,21-15-2,direct,1,1,0,0.158658,0.954696,-0.796038,0.113353,1.79961,1.92578,0.0499353,0.459051,11772,5721,0.011442,1,0
48,2,43,65-43,poisson,16,0.2,1,0.268167,0.937575,-0.669408,0.205742,1.68204,1.80456,0.00141476,0.286636,39299,310960,0.62192,1,0
48,2,24,50-24,latency,16,0.2,2,0.25857,0.931779,-0.673209,0.190349,1.684,1.80629,0.00900887,0.243635,28380,224000,0.448,1,0
48,2,14,70-14,direct,1,1,0,0.212695,0.923148,-0.710453,0.135843,1.71584,1.80694,0.0111954,0.535354,38210,18900,0.0378,1,0
48,2,44,117-44,poisson,16,0.2,0,0.290834,0.939833,-0.648998,0.230667,1.66505,1.80335,0.0042144,0.31787,70734,561600,1.1232,1,0
48,4,2,97-24-15-2,direct,1,1,0,0,0.980026,-0.980026,-0.0199735,1.98013,1.99337,0.00109091,1.01363,55630,27550,0.0551,1,0
49,2,4,56-4,direct,1,1,0,0.166662,0.933433,-0.766771,0.100094,1.7696,1.82937,0.0015461,0.4126,29492,14560,0.02912,1,0
49,2,14,66-14,direct,1,1,2,0.229345,0.932077,-0.702732,0.161421,1.71037,1.81288,0.00665884,0.448718,36042,17820,0.03564,1,0
49,2,3,66-3,poisson,16,0.2,1,0.200491,0.917284,-0.716793,0.117775,1.72083,1.79892,0.00646537,0.233261,34579,273504,0.547008,1,0
49,2,1,38-1,poisson,16,0.2,1,0.097884,0.903439,-0.805555,0.00132315,1.80556,1.89192,0.0629107,0.217037,19865,156256,0.312512,1,0
50,3,2,111-86-2,direct,1,1,2,0.0401242,0.949735,-0.909611,-0.0101404,1.90964,1.93804,0.0183997,1.03129,76920,38134,0.076268,1,0
50,2,3,33-3,direct,1,1,2,0.10172,0.946164,-0.844444,0.0478843,1.84507,1.9005,0.0198018,0.395493,17419,8547,0.017094,1,0
50,1,15,15,direct,1,1,1,0.215301,0.918386,-0.703085,0.133687,1.70832,1.8043,0.0151849,0.12615,7951,3840,0.00768,1,0
50,2,29,125-29,latency,16,0.2,1,0.277186,0.938127,-0.660941,0.215313,1.67484,1.80461,0.00335928,0.349753,71785,570000,1.14,1,0
50,2,1,29-1,latency,16,0.2,0,0.0502099,0.905291,-0.855081,-0.0444991,1.85561,1.92333,0.0325707,0.234346,15221,119248,0.238496,1,0
50,2,24,101-24,direct,1,1,2,0.254033,0.929905,-0.675872,0.183938,1.68594,1.80217,0.00645334,0.515311,57042,28280,0.05656,1,0
50,2,3,40-3,direct,1,1,0,0.187177,0.936905,-0.749728,0.124082,1.75412,1.84682,0.0150758,0.380807,21059,10360,0.02072,1,0
50,2,8,127-8,direct,1,1,2,0.21572,0.928869,-0.713149,0.144589,1.71924,1.82009,0.0160171,0.462713,67574,33528,0.067056,1,0
50,2,7,56-7,direct,1,1,0,0.199553,0.930556,-0.731002,0.130109,1.73588,1.81836,0.00608446,0.533617,29831,14728,0.029456,1,0
50,2,7,87-7,direct,1,1,2,0.223527,0.922562,-0.699035,0.146089,1.7053,1.80442,0.00957795,0.48548,46199,22881,0.045762,1,0
50,2,18,24-18,latency,16,0.2,2,0.235001,0.930313,-0.695312,0.165314,1.70335,1.8081,0.00623551,0.206208,13474,105216,0.210432,1,0
51,2,88,122-88,direct,1,1,2,0.276907,0.937123,-0.660216,0.21403,1.67396,1.80257,0.00243295,0.505205,84524,41968,0.083936,1,0
51,1,39,39,poisson,16,0.2,0,0.226141,0.926893,-0.700751,0.153034,1.70762,1.79907,0.00162804,0.229743,20263,159744,0.319488,1,0
51,1,5,5,latency,16,0.2,0,0.153547,0.914048,-0.7605,0.0675949,1.7618,1.82289,0.0157801,0.106518,2821,20480,0.04096,1,0
51,2,40,64-40,latency,16,0.2,1,0.269458,0.937662,-0.668204,0.20712,1.68101,1.8059,0.00389807,0.279031,38312,303104,0.606208,1,0
51,2,1,84-1,latency,16,0.2,1,0.0223369,0.91627,-0.893933,-0.0613932,1.89493,1.94353,0.0133653,0.366488,43601,345408,0.690816,1,0
51,3,1,35-29-1,poisson,16,0.2,2,0.125215,0.902513,-0.777298,0.0277287,1.77751,1.85338,0.0427389,0.355699,20393,160064,0.320128,1,0
52,3,18,113-56-18,direct,1,1,0,0.197171,0.931908,-0.734737,0.129079,1.73953,1.81774,0.00216264,0.749938,73140,36264,0.072528,1,0
52,3,9,56-31-9,direct,1,1,2,0.146529,0.949001,-0.802472,0.0955296,1.805,1.87682,0.0183914,0.502329,33141,16351,0.032702,1,0
52,3,1,35-29-1,direct,1,1,2,0,0.957011,-0.957011,-0.0429894,1.95748,1.98582,0.00385097,0.711242,20393,10004,0.020008,1,0
52,2,15,103-15,latency,16,0.2,0,0.253008,0.934718,-0.68171,0.187726,1.69215,1.81629,0.0107072,0.340157,56303,446608,0.893216,1,0
52,2,3,24-3,direct,1,1,1,0.0757232,0.926323,-0.8506,0.00204595,1.8506,1.87245,0.0194889,0.407618,12739,6216,0.012432,1,0
52,2,7,68-7,direct,1,1,1,0.201399,0.931519,-0.73012,0.132918,1.73522,1.82016,0.00510386,0.477465,36167,17884,0.035768,1,0
52,2,7,18-7,direct,1,1,2,0.184225,0.946655,-0.76243,0.130881,1.76728,1.88439,0.0397481,0.446625,9767,4734,0.009468,1,0
52,2,7,18-7,poisson,16,0.2,2,0.186512,0.926965,-0.740453,0.113477,1.74415,1.82163,0.00782683,0.099019,9767,75744,0.151488,1,0
52,1,119,119,direct,1,1,1,0.293646,0.936698,-0.643052,0.230344,1.65912,1.79629,0.00236001,0.20076,61303,30464,0.060928,1,0
53,2,23,102-23,poisson,16,0.2,0,0.255108,0.93507,-0.679962,0.190178,1.69069,1.80717,0.00372271,0.320391,57399,455328,0.910656,1,0
53,1,22,22,latency,16,0.2,0,0.184983,0.918657,-0.733674,0.103639,1.73677,1.80053,0.00216942,0.174673,11542,90112,0.180224,1,0
53,2,40,44-40,latency,16,0.2,1,0.254513,0.934282,-0.679769,0.188796,1.69035,1.80333,0.00313182,0.245022,26432,208384,0.416768,1,0
53,3,1,31-9-1,direct,1,1,1,0,0.969974,-0.969974,-0.0300265,1.9702,1.99448,0.00505187,0.307357,16785,8224,0.016448,1,0
53,3,1,35-9-1,direct,1,1,2,0,0.992725,-0.992725,-0.00727513,1.99274,1.99811,0.00134406,0.477828,18913,9284,0.018568,1,0
53,2,15,52-15,direct,1,1,0,0.198281,0.929471,-0.73119,0.127752,1.7359,1.81923,0.00672359,0.432337,28559,14092,0.028184,1,0
53,3,9,89-35-9,direct,1,1,1,0.18289,0.93229,-0.749399,0.11518,1.75319,1.83041,0.00695653,0.74773,52941,26214,0.052428,1,0
53,2,4,38-4,direct,1,1,1,0.171876,0.93373,-0.761854,0.105607,1.76502,1.8395,0.0104309,0.441889,20096,9880,0.01976,1,0
53,2,17,25-17,direct,1,1,1,0.205135,0.938866,-0.733731,0.144001,1.7397,1.83367,0.0134244,0.451621,13973,6825,0.01365,1,0
54,2,2,117-2,direct,1,1,0,0.117232,0.931085,-0.813853,0.0483166,1.8145,1.86051,0.020332,0.557266,60864,30186,0.060372,1,0
54,2,1,9-1,direct,1,1,1,0,0.956085,-0.956085,-0.0439153,1.95658,1.98839,0.00466944,0.300501,4901,2313,0.004626,1,0
54,3,1,35-29-1,latency,16,0.2,2,0.131524,0.901455,-0.769931,0.0329794,1.77024,1.86126,0.0597206,0.450969,20393,160064,0.320128,1,0
54,3,1,29-7-1,latency,16,0.2,0,0.0503455,0.897222,-0.846877,-0.0524322,1.84762,1.90758,0.0405744,0.196429,15597,122144,0.244288,1,0
54,3,14,119-70-14,direct,1,1,2,0.213127,0.936026,-0.722899,0.149153,1.72934,1.81825,0.00171965,0.755784,80196,39774,0.079548,1,0
54,2,3,125-3,direct,1,1,2,0.157981,0.917372,-0.759391,0.0753533,1.761,1.81265,0.00786805,0.473605,65259,32375,0.06475,1,0
54,2,3,79-3,latency,16,0.2,1,0.155249,0.913713,-0.758463,0.0689618,1.75982,1.81947,0.0170651,0.287329,41339,327376,0.654752,1,0
54,2,2,16-2,direct,1,1,0,0.0604539,0.94537,-0.884916,0.0058243,1.88493,1.95071,0.0441604,0.479559,8546,4128,0.008256,1,0
54,2,4,70-4,direct,1,1,0,0.194161,0.930886,-0.736726,0.125047,1.74122,1.8279,0.014217,0.436361,36800,18200,0.0364,1,0
55,2,14,49-14,direct,1,1,1,0.207545,0.935412,-0.727867,0.142957,1.73377,1.82486,0.00918178,0.415277,26828,13230,0.02646,1,0
55,2,29,107-29,latency,16,0.2,2,0.259128,0.935559,-0.676431,0.194688,1.6877,1.80409,0.00168426,0.342312,61489,487920,0.97584,1,0
55,4,1,100-29-7-1,direct,1,1,0,0.010773,0.982672,-0.971899,-0.00655501,1.97191,1.98887,0.00936033,0.523778,57949,28710,0.05742,1,0
55,2,40,67-40,direct,1,1,1,0.264393,0.93336,-0.668967,0.197752,1.68064,1.80514,0.00752509,0.509835,40094,19832,0.039664,1,0
55,1,109,109,direct,1,1,0,0.290909,0.93407,-0.643161,0.224979,1.65849,1.79507,0.00383911,0.196948,56173,27904,0.055808,1,0
55,1,120,120,latency,16,0.2,1,0.282023,0.93466,-0.652638,0.216683,1.66678,1.7967,0.00357615,0.21353,61816,491520,0.98304,1,0
55,2,10,60-10,latency,16,0.2,1,0.22854,0.927421,-0.69888,0.155961,1.70602,1.80983,0.0108875,0.283515,32306,255360,0.51072,1,0
55,1,113,113,direct,1,1,1,0.294539,0.934758,-0.640219,0.229297,1.65617,1.79579,0.0038164,0.199666,58225,28928,0.057856,1,0
56,2,36,102-36,direct,1,1,1,0.264881,0.936354,-0.671473,0.201235,1.68354,1.80292,0.00168138,0.514063,60064,29784,0.059568,1,0
56,2,31,116-31,poisson,16,0.2,2,0.269645,0.936708,-0.667063,0.206354,1.67979,1.80463,0.00385152,0.337096,67103,532672,1.06534,1,0
56,3,1,31-7-1,direct,1,1,1,0,0.980952,-0.980952,-0.0190476,1.98104,1.99577,0.00321807,0.413953,16653,8160,0.01632,1,0
56,1,86,86,poisson,16,0.2,1,0.275012,0.938512,-0.6635,0.213524,1.67715,1.80292,0.000725648,0.253216,44374,352256,0.704512,1,0
56,3,1,69-7-1,direct,1,1,2,0,0.975794,-0.975794,-0.0242063,1.97594,1.99551,0.00408214,0.481199,36717,18154,0.036308,1,0
56,2,14,35-14,latency,16,0.2,1,0.245313,0.92894,-0.683627,0.174253,1.69262,1.81013,0.0161102,0.223267,19240,151200,0.3024,1,0
57,2,4,105-4,poisson,16,0.2,1,0.215492,0.92328,-0.707789,0.138772,1.71342,1.80871,0.0108291,0.281651,55070,436800,0.8736,1,0
57,2,4,115-4,direct,1,1,0,0.229149,0.927513,-0.698364,0.156662,1.70557,1.80947,0.0102918,0.474795,60290,29900,0.0598,1,0
57,2,2,104-2,direct,1,1,0,0.133066,0.936177,-0.803112,0.0692428,1.80444,1.86182,0.0150687,0.603076,54130,26832,0.053664,1,0
57,2,3,87-3,poisson,16,0.2,1,0.232725,0.921693,-0.688969,0.154418,1.69601,1.80342,0.0119869,0.243919,45499,360528,0.721056,1,0
57,1,112,112,poisson,16,0.2,1,0.271649,0.939158,-0.667509,0.210807,1.68078,1.80492,0.00046016,0.256616,57712,458752,0.917504,1,0
57,3,1,42-9-1,direct,1,1,1,0,0.969974,-0.969974,-0.0300265,1.9702,1.99271,0.00373408,0.528126,22637,11139,0.022278,1,0
57,2,20,90-20,direct,1,1,2,0.245772,0.928479,-0.682707,0.17425,1.69171,1.80446,0.00776948,0.494454,50136,24840,0.04968,1,0
57,2,60,94-60,direct,1,1,0,0.266205,0.937401,-0.671196,0.203606,1.68355,1.80445,0.00153256,0.493175,59912,29704,0.059408,1,0
57,1,56,56,poisson,16,0.2,1,0.27097,0.932322,-0.661352,0.203293,1.67374,1.79749,0.00354232,0.242398,28984,229376,0.458752,1,0
57,4,1,115-29-7-1,direct,1,1,0,0.00426129,0.98254,-0.978278,-0.013199,1.97832,1.99222,0.00580712,0.586447,66529,32985,0.06597,1,0
57,2,4,8-4,direct,1,1,0,0,0.969544,-0.969544,-0.0304563,1.96978,1.9884,0.00084086,0.532375,4436,2080,0.00416,1,0
57,1,63,63,poisson,16,0.2,0,0.259892,0.932008,-0.672116,0.191901,1.68309,1.79847,0.00218971,0.242043,32575,258048,0.516096,1,0
58,2,22,113-22,latency,16,0.2,0,0.242495,0.93536,-0.692864,0.177855,1.70218,1.81036,0.00321069,0.361834,63332,502624,1.00525,1,0
58,2,45,87-45,poisson,16,0.2,2,0.260084,0.938289,-0.678206,0.198373,1.68989,1.80754,0.00113289,0.2964,52849,418992,0.837984,1,0
58,2,7,36-7,direct,1,1,2,0.185109,0.930272,-0.745164,0.115381,1.74897,1.82973,0.0142893,0.448698,19271,9468,0.018936,1,0
58,1,94,94,direct,1,1,1,0.277185,0.935661,-0.658475,0.212846,1.67208,1.79809,0.00129219,0.195814,48478,24064,0.048128,1,0
58,1,29,29,poisson,16,0.2,1,0.243405,0.9223,-0.678895,0.165705,1.68705,1.79987,0.0111867,0.222235,15133,118784,0.237568,1,0
58,2,31,57-31,direct,1,1,1,0.240299,0.936815,-0.696516,0.177114,1.70574,1.81084,0.00176676,0.477101,33119,16359,0.032718,1,0
58,2,14,119-14,direct,1,1,0,0.248367,0.930319,-0.681953,0.178686,1.69142,1.8059,0.00808871,0.479768,64768,32130,0.06426,1,0
58,2,22,87-22,latency,16,0.2,2,0.262123,0.931638,-0.669515,0.193761,1.68072,1.80081,0.00483911,0.348127,48824,386976,0.773952,1,0
58,1,105,105,direct,1,1,0,0.284974,0.935656,-0.650682,0.22063,1.66536,1.79711,0.0025982,0.195408,54121,26880,0.05376,1,0
59,3,1,68-31-1,poisson,16,0.2,1,0.166603,0.924074,-0.757471,0.0906773,1.75981,1.83278,0.0183449,0.349743,39549,312752,0.625504,1,0
59,2,14,64-14,direct,1,1,0,0.200563,0.930291,-0.729728,0.130854,1.73467,1.81386,0.00193453,0.494226,34958,17280,0.03456,1,0
59,2,14,53-14,direct,1,1,1,0.212268,0.932965,-0.720696,0.145233,1.72681,1.8204,0.00991877,0.430614,28996,14310,0.02862,1,0
59,2,13,65-13,direct,1,1,2,0.181978,0.930912,-0.748934,0.112889,1.75257,1.81887,0.000133619,0.448756,35369,17485,0.03497,1,0
59,2,56,94-56,direct,1,1,0,0.267759,0.933929,-0.66617,0.201687,1.67833,1.80205,0.00464599,0.449875,59156,29328,0.058656,1,0
59,2,14,57-14,direct,1,1,1,0.20149,0.929592,-0.728102,0.131082,1.73307,1.81731,0.00569999,0.510902,31164,15390,0.03078,1,0
60,2,2,94-2,direct,1,1,2,0.0927613,0.922619,-0.829858,0.0153804,1.82992,1.86297,0.0291368,0.454808,48950,24252,0.048504,1,0
60,1,45,45,direct,1,1,1,0.278504,0.92826,-0.649756,0.206764,1.66266,1.78841,0.00505921,0.172854,23341,11520,0.02304,1,0
60,3,2,94-20-2,latency,16,0.2,1,0.13471,0.895899,-0.76119,0.0306094,1.76146,1.80458,0.0183031,0.207982,52454,415744,0.831488,1,0
60,1,109,109,latency,16,0.2,0,0.270654,0.934219,-0.663565,0.204873,1.67613,1.79766,0.00137741,0.213058,56173,446464,0.892928,1,0
60,1,69,69,direct,1,1,1,0.281223,0.934702,-0.653479,0.215925,1.66752,1.79627,0.00165622,0.191206,35653,17664,0.035328,1,0
60,2,3,128-3,direct,1,1,0,0.11272,0.919841,-0.807121,0.0325614,1.80741,1.85039,0.0251815,0.514596,66819,33152,0.066304,1,0
60,2,3,66-3,direct,1,1,0,0.152214,0.925176,-0.772962,0.0773907,1.77465,1.83385,0.0120383,0.41333,34579,17094,0.034188,1,0
61,2,52,67-52,direct,1,1,0,0.244069,0.936963,-0.692894,0.181033,1.70255,1.80876,0.000129505,0.467267,41714,20636,0.041272,1,0
61,1,115,115,direct,1,1,0,0.280117,0.935675,-0.655558,0.215792,1.66956,1.79758,0.0011536,0.198811,59251,29440,0.05888,1,0
61,2,13,109-13,poisson,16,0.2,0,0.268671,0.929589,-0.660918,0.198259,1.67271,1.80113,0.00885205,0.329423,59129,469136,0.938272,1,0
61,1,15,15,latency,16,0.2,1,0.172166,0.909956,-0.737789,0.0821224,1.73973,1.80686,0.0136476,0.154511,7951,61440,0.12288,1,0
61,2,2,9-2,direct,1,1,2,0.0283225,0.987302,-0.958979,0.0156241,1.95904,1.97475,0.00633273,0.252496,4920,2322,0.004644,1,0
61,2,7,10-7,direct,1,1,2,0.0420764,0.964475,-0.922398,0.00655109,1.92241,1.9632,0.0264702,0.242377,5543,2630,0.00526,1,0
61,2,14,77-14,direct,1,1,1,0.244728,0.932474,-0.687745,0.177202,1.69702,1.80541,0.00570358,0.467671,42004,20790,0.04158,1,0
61,2,3,7-3,direct,1,1,2,0.0810177,0.980071,-0.899053,0.0610883,1.90004,1.97658,0.0288787,0.270784,3899,1813,0.003626,1,0
62,2,13,71-13,poisson,16,0.2,0,0.230928,0.931207,-0.700278,0.162135,1.70799,1.80735,0.00433863,0.242261,38609,305584,0.611168,1,0
62,2,1,2-1,direct,1,1,2,0,0.993651,-0.993651,-0.00634921,1.99366,1.99913,0.00123499,0.387567,1289,514,0.001028,1,0
62,2,31,118-31,poisson,16,0.2,0,0.266907,0.936231,-0.669324,0.203137,1.68164,1.80366,0.00329459,0.341548,68255,541856,1.08371,1,0
62,2,7,110-7,direct,1,1,2,0.180138,0.927589,-0.747451,0.107727,1.75077,1.82108,0.00933845,0.502779,58343,28930,0.05786,1,0
62,3,1,76-56-1,poisson,16,0.2,1,0.0607624,0.918122,-0.857359,-0.0211159,1.85748,1.92076,0.0360191,0.424926,48057,380288,0.760576,1,0
62,2,51,72-51,direct,1,1,1,0.26046,0.935839,-0.675378,0.196299,1.68684,1.80393,0.00220893,0.524654,44659,22104,0.044208,1,0
62,2,2,127-2,direct,1,1,1,0.0888772,0.912765,-0.823887,0.00164178,1.82389,1.86794,0.0339513,0.477005,66044,32766,0.065532,1,0
63,3,7,42-27-7,direct,1,1,0,0.0866193,0.950397,-0.863778,0.0370161,1.86415,1.8949,0.0125943,0.413067,24551,12075,0.02415,1,0
63,2,7,111-7,direct,1,1,0,0.177403,0.920503,-0.7431,0.0979052,1.74585,1.80642,0.00330447,0.467389,58871,29193,0.058386,1,0
63,2,14,63-14,direct,1,1,0,0.214505,0.926134,-0.711629,0.140639,1.7174,1.81311,0.00964132,0.429701,34416,17010,0.03402,1,0
63,2,7,45-7,direct,1,1,2,0.158195,0.931349,-0.773154,0.089544,1.77541,1.83397,0.00778317,0.409562,24023,11835,0.02367,1,0
63,2,1,95-1,direct,1,1,2,0,0.957407,-0.957407,-0.0425926,1.95787,1.98447,0.00171865,0.562672,49277,24415,0.04883,1,0
63,2,2,54-2,direct,1,1,1,0.0796705,0.933003,-0.853332,0.0126731,1.85338,1.87338,0.0111998,0.461552,28230,13932,0.027864,1,0
64,2,7,45-7,latency,16,0.2,1,0.184873,0.922978,-0.738105,0.107851,1.74145,1.8092,0.00564782,0.19444,24023,189360,0.37872,1,0
64,2,7,123-7,direct,1,1,0,0.19353,0.933541,-0.740011,0.127071,1.74464,1.82449,0.00421973,0.466079,65207,32349,0.064698,1,0
64,1,28,28,poisson,16,0.2,1,0.207968,0.920928,-0.71296,0.128896,1.7178,1.79793,0.00329863,0.230314,14620,114688,0.229376,1,0
64,2,19,80-19,direct,1,1,0,0.236623,0.934224,-0.697601,0.170848,1.70618,1.8124,0.00678792,0.427579,44435,22000,0.044,1,0
64,2,14,81-14,direct,1,1,1,0.223462,0.930338,-0.706876,0.1538,1.71379,1.81405,0.0100556,0.489324,44172,21870,0.04374,1,0
64,2,1,56-1,poisson,16,0.2,1,0.0656964,0.906614,-0.840917,-0.0276898,1.84113,1.9232,0.0466704,0.188995,29153,230272,0.460544,1,0
64,2,13,56-13,direct,1,1,0,0.212194,0.930088,-0.717893,0.142282,1.72378,1.82327,0.0114476,0.450534,30509,15064,0.030128,1,0
64,2,6,66-6,direct,1,1,1,0.196806,0.930026,-0.733221,0.126832,1.73786,1.81706,0.00471439,0.475436,34978,17292,0.034584,1,0
64,2,7,42-7,direct,1,1,0,0.203755,0.934694,-0.730939,0.138449,1.73647,1.83397,0.0117416,0.327591,22439,11046,0.022092,1,0
64,2,26,89-26,direct,1,1,0,0.258164,0.931136,-0.672972,0.1893,1.68365,1.8005,0.00475182,0.525796,50656,25098,0.050196,1,0
64,1,103,103,latency,16,0.2,0,0.2725,0.934329,-0.661828,0.206829,1.67465,1.79752,0.00177012,0.2135,53095,421888,0.843776,1,0
