born_generation,depth,latent,encoder_widths,encoding,time_steps,voltage_threshold,alpha,beta,g1,g2,d_truth,d_penalized_mean,d_penalized_std,latent_activity,param_count,inference_cost,est_latency_ms,feasible,constraint_violation
0,3,24,122-102-24,poisson,16,0.2,0.254373,0.930666,-0.676293,0.185039,1.68647,1.80092,0.00616341,0.590657,92976,737984,1.47597,1,0
0,5,19,77-76-58-20-19,poisson,16,0.2,0.0532704,0.928182,-0.874911,-0.018548,1.875,1.89182,0.00789587,0.74876,63761,504192,1.00838,1,0
0,1,59,59,poisson,16,0.2,0.26019,0.932405,-0.672215,0.192595,1.68327,1.79991,0.00375504,0.242856,30523,241664,0.483328,1,0
0,3,19,91-77-19,poisson,16,0.2,0.255845,0.933048,-0.677203,0.188893,1.68781,1.80393,0.0047299,0.554727,64143,508256,1.01651,1,0
0,1,8,8,poisson,16,0.2,0.17508,0.921925,-0.746845,0.0970044,1.74954,1.80973,0.0038467,0.0988249,4360,32768,0.065536,1,0
0,5,1,121-107-28-24-1,poisson,16,0.2,0.0399513,0.900132,-0.860181,-0.0599164,1.86115,1.92278,0.0211369,0.912943,96047,761840,1.52368,1,0
0,2,39,80-39,poisson,16,0.2,0.280586,0.93643,-0.655844,0.217016,1.67,1.79993,0.00357694,0.312297,47655,377600,0.7552,1,0
0,4,1,56-38-3-1,poisson,16,0.2,0.125,0.944444,-0.819444,0.0694444,1.82077,1.9422,0.0588453,0.0020689,33613,265296,0.530592,1,0
0,4,6,52-38-18-6,poisson,16,0.2,0.145084,0.92425,-0.779167,0.0693341,1.78052,1.85495,0.0421094,0.696267,32638,257280,0.51456,1,0
0,3,12,59-30-12,poisson,16,0.2,0.203698,0.929508,-0.72581,0.133207,1.73094,1.81214,0.00401281,0.377824,34914,275744,0.551488,1,0
0,4,26,126-66-49-26,poisson,16,0.2,0.183208,0.923927,-0.740718,0.107135,1.74401,1.80964,0.00211392,0.662373,90924,721280,1.44256,1,0
0,3,6,111-78-6,poisson,16,0.2,0.224693,0.930445,-0.705753,0.155138,1.71279,1.82236,0.0132182,0.80312,75724,600672,1.20134,1,0
0,2,9,58-9,poisson,16,0.2,0.279734,0.93085,-0.651116,0.210583,1.66449,1.80983,0.020602,0.235411,31121,245920,0.49184,1,0
0,6,39,124-121-104-73-50-39,poisson,16,0.2,0.0560666,0.923877,-0.867811,-0.020056,1.86792,1.89196,0.00884232,1.21341,146287,1160384,2.32077,1,0
0,1,30,30,poisson,16,0.2,0.241151,0.924921,-0.683769,0.166072,1.69194,1.79686,0.00655323,0.213807,15646,122880,0.24576,1,0
0,2,57,88-57,poisson,16,0.2,0.275426,0.938831,-0.663405,0.214256,1.67715,1.8067,0.00299769,0.297655,55577,440704,0.881408,1,0
1,3,6,111-9-6,poisson,16,0.2,0.126362,0.904475,-0.778113,0.0308373,1.77838,1.81319,0.0161403,0.355194,59440,471504,0.943008,1,0
1,3,9,105-58-9,poisson,16,0.2,0.211978,0.927998,-0.71602,0.139976,1.72172,1.81195,0.00768484,0.641802,67575,535872,1.07174,1,0
1,4,6,125-52-18-6,poisson,16,0.2,0.141473,0.918673,-0.7772,0.0601457,1.77822,1.82958,0.0135527,0.748292,79740,632704,1.26541,1,0
1,3,30,126-42-30,poisson,16,0.2,0.22698,0.930564,-0.703584,0.157545,1.71085,1.80767,0.00523769,0.494947,78238,620928,1.24186,1,0
1,3,19,102-91-19,poisson,16,0.2,0.254287,0.931809,-0.677522,0.186096,1.68781,1.80486,0.00604035,0.579158,74907,593968,1.18794,1,0
1,2,30,59-30,poisson,16,0.2,0.259659,0.934802,-0.675142,0.194461,1.68639,1.80648,0.00508497,0.304678,34152,269984,0.539968,1,0
2,1,99,99,poisson,16,0.2,0.27561,0.937064,-0.661454,0.212674,1.67501,1.80238,0.00241365,0.258637,51043,405504,0.811008,1,0
2,2,30,33-30,poisson,16,0.2,0.244976,0.935163,-0.690187,0.180139,1.69976,1.80674,0.00107868,0.186872,19228,151008,0.302016,1,0
2,1,66,66,poisson,16,0.2,0.275746,0.935516,-0.65977,0.211262,1.67316,1.79876,0.00131807,0.248439,34114,270336,0.540672,1,0
2,2,8,69-8,poisson,16,0.2,0.231744,0.933647,-0.701903,0.165392,1.70992,1.81367,0.0062327,0.218346,36834,291456,0.582912,1,0
2,1,24,24,poisson,16,0.2,0.19722,0.919907,-0.722687,0.117127,1.72666,1.80633,0.00930105,0.221039,12568,98304,0.196608,1,0
2,1,49,49,poisson,16,0.2,0.269225,0.932478,-0.663252,0.201703,1.67544,1.79632,0.0021306,0.235142,25393,200704,0.401408,1,0
2,3,39,123-80-39,poisson,16,0.2,0.251307,0.933154,-0.681847,0.184461,1.69193,1.80549,0.00596652,0.49412,89597,711168,1.42234,1,0
3,1,81,81,poisson,16,0.2,0.27849,0.934932,-0.656442,0.213422,1.67013,1.79928,0.00293487,0.250754,41809,331776,0.663552,1,0
3,2,8,114-8,poisson,16,0.2,0.208755,0.926422,-0.717667,0.135177,1.72298,1.8143,0.0103972,0.34913,60684,481536,0.963072,1,0
3,1,62,62,poisson,16,0.2,0.261036,0.934829,-0.673793,0.195865,1.68521,1.80149,0.0020372,0.240614,32062,253952,0.507904,1,0
3,1,52,52,poisson,16,0.2,0.251403,0.933298,-0.681895,0.184701,1.69201,1.80087,0.000711731,0.242271,26932,212992,0.425984,1,0
3,2,5,69-5,poisson,16,0.2,0.195533,0.920794,-0.72526,0.116327,1.72918,1.81798,0.0161044,0.226032,36417,288144,0.576288,1,0
4,2,24,36-24,poisson,16,0.2,0.257942,0.934254,-0.676312,0.192195,1.68729,1.80307,0.00297971,0.216044,20512,161280,0.32256,1,0
4,1,19,19,poisson,16,0.2,0.185118,0.920036,-0.734918,0.105155,1.7381,1.80356,0.00272679,0.202473,10003,77824,0.155648,1,0
4,2,24,120-24,poisson,16,0.2,0.269706,0.938117,-0.668411,0.207824,1.6813,1.80579,0.00254062,0.318182,67720,537600,1.0752,1,0
4,1,98,98,poisson,16,0.2,0.28189,0.938057,-0.656168,0.219947,1.67071,1.8024,0.00202503,0.255511,50530,401408,0.802816,1,0
4,2,30,117-30,poisson,16,0.2,0.266242,0.935908,-0.669667,0.20215,1.68186,1.80454,0.0058623,0.330115,67444,535392,1.07078,1,0
4,2,24,73-24,poisson,16,0.2,0.285504,0.935593,-0.650089,0.221097,1.66484,1.8053,0.0105262,0.293055,41306,327040,0.65408,1,0
5,1,31,31,poisson,16,0.2,0.208984,0.92145,-0.712465,0.130434,1.71743,1.80027,0.00550698,0.220568,16159,126976,0.253952,1,0
5,2,49,51-49,poisson,16,0.2,0.27159,0.938228,-0.666637,0.209818,1.67979,1.80679,0.00306867,0.243649,31517,248880,0.49776,1,0
5,1,69,69,poisson,16,0.2,0.287393,0.934905,-0.647513,0.222298,1.66244,1.79771,0.00383214,0.243636,35653,282624,0.565248,1,0
5,1,50,50,poisson,16,0.2,0.25877,0.930648,-0.671878,0.189419,1.68257,1.79835,0.00351536,0.23971,25906,204800,0.4096,1,0
5,1,77,77,poisson,16,0.2,0.272003,0.936195,-0.664192,0.208199,1.67716,1.79964,0.00048806,0.250211,39757,315392,0.630784,1,0
6,1,6,6,poisson,16,0.2,0.152165,0.9056,-0.753435,0.0577644,1.75439,1.80136,0.0141481,0.0845961,3334,24576,0.049152,1,0
6,1,74,74,poisson,16,0.2,0.279042,0.935832,-0.656791,0.214874,1.67067,1.79968,0.00223129,0.251432,38218,303104,0.606208,1,0
6,1,96,96,poisson,16,0.2,0.278928,0.937979,-0.659051,0.216908,1.67317,1.80477,0.00408422,0.253579,49504,393216,0.786432,1,0
7,2,49,68-49,poisson,16,0.2,0.260379,0.935936,-0.675556,0.196315,1.68702,1.8071,0.00378807,0.26607,41921,331840,0.66368,1,0
7,2,49,93-49,poisson,16,0.2,0.267048,0.937491,-0.670443,0.204538,1.68292,1.80536,0.00198631,0.341617,57221,453840,0.90768,1,0
7,1,113,113,poisson,16,0.2,0.290433,0.939376,-0.648943,0.229809,1.66488,1.80178,0.001628,0.258525,58225,462848,0.925696,1,0
7,1,91,91,poisson,16,0.2,0.278777,0.938076,-0.6593,0.216853,1.67341,1.80472,0.0031831,0.250938,46939,372736,0.745472,1,0
7,1,93,93,poisson,16,0.2,0.291228,0.938122,-0.646895,0.22935,1.66279,1.80376,0.00545981,0.248373,47965,380928,0.761856,1,0
7,1,21,21,poisson,16,0.2,0.179513,0.91603,-0.736518,0.0955431,1.73914,1.80176,0.00474897,0.216822,11029,86016,0.172032,1,0
8,1,29,29,poisson,16,0.2,0.243405,0.9223,-0.678895,0.165705,1.68705,1.79987,0.0111867,0.222235,15133,118784,0.237568,1,0
8,2,3,49-3,poisson,16,0.2,0.222819,0.924824,-0.702005,0.147643,1.7084,1.80815,0.0129026,0.135755,25739,203056,0.406112,1,0
8,1,45,45,poisson,16,0.2,0.258958,0.931464,-0.672505,0.190422,1.68331,1.79704,0.00294732,0.235875,23341,184320,0.36864,1,0
8,1,79,79,poisson,16,0.2,0.285363,0.936458,-0.651095,0.22182,1.66593,1.7998,0.00308185,0.249265,40783,323584,0.647168,1,0
8,2,49,53-49,poisson,16,0.2,0.265578,0.935666,-0.670088,0.201244,1.68217,1.8035,0.00377946,0.269053,32741,258640,0.51728,1,0
9,1,78,78,poisson,16,0.2,0.270001,0.934977,-0.664976,0.204978,1.67755,1.79888,0.00112501,0.25211,40270,319488,0.638976,1,0
9,2,30,49-30,poisson,16,0.2,0.286734,0.932368,-0.645633,0.219102,1.66016,1.79932,0.00782994,0.231547,28412,224224,0.448448,1,0
9,2,49,101-49,poisson,16,0.2,0.262902,0.938163,-0.675261,0.201065,1.68728,1.80675,0.00121626,0.320216,62117,492880,0.98576,1,0
9,1,73,73,poisson,16,0.2,0.289995,0.936921,-0.646926,0.226916,1.66249,1.79806,0.00258131,0.246554,37705,299008,0.598016,1,0
9,2,6,10-6,poisson,16,0.2,0.214377,0.938338,-0.723961,0.152715,1.73071,1.82893,0.00679848,0.122571,5522,41920,0.08384,1,0
9,1,63,63,poisson,16,0.2,0.259892,0.932008,-0.672116,0.191901,1.68309,1.79847,0.00218971,0.242043,32575,258048,0.516096,1,0
10,1,5,5,poisson,16,0.2,0.146805,0.911984,-0.765179,0.058789,1.76616,1.81553,0.0108066,0.0620006,2821,20480,0.04096,1,0
10,2,16,30-16,poisson,16,0.2,0.2579,0.9313,-0.6734,0.1892,1.68406,1.80799,0.00966901,0.190543,16652,130560,0.26112,1,0
10,2,29,109-29,poisson,16,0.2,0.282965,0.937516,-0.654551,0.220481,1.66918,1.80435,0.00432364,0.338794,62633,497040,0.99408,1,0
10,1,48,48,poisson,16,0.2,0.268291,0.929878,-0.661587,0.198168,1.67336,1.7955,0.00472689,0.231425,24880,196608,0.393216,1,0
11,1,4,4,poisson,16,0.2,0.183634,0.929497,-0.745864,0.113131,1.74953,1.82015,0.00408967,0.0416273,2308,16384,0.032768,1,0
11,1,37,37,poisson,16,0.2,0.220138,0.925669,-0.70553,0.145807,1.71175,1.79828,0.00107981,0.218909,19237,151552,0.303104,1,0
11,1,106,106,poisson,16,0.2,0.276136,0.93797,-0.661834,0.214107,1.67557,1.80343,0.00197733,0.257225,54634,434176,0.868352,1,0
11,1,3,3,poisson,16,0.2,0.206715,0.934744,-0.728029,0.14146,1.73381,1.82693,0.00731493,0.0247131,1795,12288,0.024576,1,0
11,1,86,86,poisson,16,0.2,0.275012,0.938512,-0.6635,0.213524,1.67715,1.80292,0.000725648,0.253216,44374,352256,0.704512,1,0
12,1,9,9,poisson,16,0.2,0.153822,0.915403,-0.761581,0.0692249,1.76294,1.81487,0.0106755,0.122855,4873,36864,0.073728,1,0
12,1,110,110,poisson,16,0.2,0.271495,0.93807,-0.666575,0.209565,1.6797,1.80478,0.00284218,0.255747,56686,450560,0.90112,1,0
12,1,70,70,poisson,16,0.2,0.280564,0.9363,-0.655736,0.216864,1.66988,1.79881,0.00137624,0.247124,36166,286720,0.57344,1,0
12,2,33,48-33,poisson,16,0.2,0.258787,0.934889,-0.676101,0.193676,1.68725,1.80452,0.00394886,0.234815,28129,221952,0.443904,1,0
12,1,41,41,poisson,16,0.2,0.231779,0.928042,-0.696263,0.159822,1.70378,1.79984,0.00243416,0.239763,21289,167936,0.335872,1,0
12,1,119,119,poisson,16,0.2,0.279777,0.938685,-0.658909,0.218462,1.67323,1.80266,0.00191883,0.257126,61303,487424,0.974848,1,0
12,2,92,111-92,poisson,16,0.2,0.276917,0.938962,-0.662046,0.215879,1.67601,1.80336,0.000662035,0.29246,77826,618048,1.2361,1,0
