file,id,severity,count,lines
src/core/dataLoaders/BatchPrefetcher.cpp,accessMoved,warning,10,245;247;248;284;286;287
src/core/dataLoaders/BatchPrefetcher.cpp,redundantAssignment,style,10,308;309;310;311;312;313;314;315;316;317
src/core/tensor/opencl/OpenCLTensorBackend.cpp,constVariableReference,style,9,422;544;673;799;907;1029;1149;1295;1541
src/demos/autoEncoderLeakyReLUAndSpikeTest/autoEncoderLeakyReLUAndSpikeTest.cpp,knownConditionTrueFalse,style,7,169;171
src/demos/voice_biometrics_cpp/main.cpp,useInitializationList,performance,6,210;211;212;213;266;267
src/demos/voice_biometrics_cpp/main.cpp,variableScope,style,4,551;552;553;554
src/experiments/02/Experiment02Evaluation.cpp,knownConditionTrueFalse,style,4,33;38;40;47
src/core/dataLoaders/BatchPrefetcher.cpp,knownConditionTrueFalse,style,3,121;140;146
src/experiments/02/Experiment02Data.cpp,useStlAlgorithm,style,3,138;209;221
src/core/dataLoaders/SqliteBatchSource.cpp,knownConditionTrueFalse,style,2,531;536
src/core/paraconsistent/paraconsistent.cpp,variableScope,style,2,123;172
src/core/utility/progress.cpp,constVariableReference,style,2,84;96
src/core/wavelet/waveletOperations.cpp,useStlAlgorithm,style,2,240;260
src/demos/cppdemos/rede_snn.cpp,useInitializationList,performance,2,86;124
src/demos/exec_plotSpikingNetwork/plotSpikingNetwork.cpp,missingInclude,information,2,17;18
src/demos/voice_biometrics_cpp/main.cpp,ctuOneDefinitionRuleViolation,error,2,200;255
src/demos/voice_biometrics_cpp/main.cpp,useStlAlgorithm,style,2,178;310
src/experiments/03/lib/src/ProfileLoader.cpp,useStlAlgorithm,style,2,238;436
src/core/dataLoaders/10.1117/codec/InputModeCodec.cpp,normalCheckLevelMaxBranches,information,1,0
src/core/dataLoaders/10.1117/dataset_info.cpp,normalCheckLevelMaxBranches,information,1,0
src/core/dataLoaders/10.1117/loaders/AudioLoader.cpp,normalCheckLevelMaxBranches,information,1,0
src/core/dataLoaders/10.1117/loaders/AudioLoader.cpp,unusedStructMember,style,1,140
src/core/dataLoaders/10.1117/loaders/EEGLoader.cpp,normalCheckLevelMaxBranches,information,1,0
src/core/dataLoaders/10.1117/loaders/EEGLoader.cpp,unusedStructMember,style,1,159
src/core/dataLoaders/10.1117/protocol/Protocol101117Dataset.cpp,normalCheckLevelMaxBranches,information,1,0
src/core/dataLoaders/10.1117/protocol/SamplePacking.cpp,normalCheckLevelMaxBranches,information,1,0
src/core/dataLoaders/10.1117/protocol/SynchronizedBatchAssembler.cpp,normalCheckLevelMaxBranches,information,1,0
src/core/dataLoaders/10.1117/schema/SubjectDiscovery.cpp,normalCheckLevelMaxBranches,information,1,0
src/core/dataLoaders/10.1117/windowing/AudioWindowDataset.cpp,normalCheckLevelMaxBranches,information,1,0
src/core/dataLoaders/10.1117/windowing/EEGWindowDataset.cpp,normalCheckLevelMaxBranches,information,1,0
src/core/dataLoaders/10.1117/windowing/FusedWindowDataset.cpp,normalCheckLevelMaxBranches,information,1,0
src/core/dataLoaders/BatchPrefetcher.cpp,normalCheckLevelMaxBranches,information,1,0
src/core/dataLoaders/DataLoader.cpp,normalCheckLevelMaxBranches,information,1,0
src/core/dataLoaders/DataLoader.cpp,passedByValue,performance,1,91
src/core/dataLoaders/DataLoaderIterator.cpp,normalCheckLevelMaxBranches,information,1,0
src/core/dataLoaders/SamplerOptionResolution.cpp,normalCheckLevelMaxBranches,information,1,0
src/core/dataLoaders/SqliteBatchSource.cpp,normalCheckLevelMaxBranches,information,1,0
src/core/dataLoaders/SqliteBatchSource.cpp,useInitializationList,performance,1,38
src/core/layers/Conv2d_impl.cpp,normalCheckLevelMaxBranches,information,1,0
src/core/layers/Conv2d_utils.cpp,normalCheckLevelMaxBranches,information,1,0
src/core/layers/Conv2d_utils.cpp,unreadVariable,style,1,105
src/core/linearAlgebra/linear_algebra.cpp,normalCheckLevelMaxBranches,information,1,0
src/core/statistics/multi_class_metrics.cpp,useStlAlgorithm,style,1,38
src/core/tensor/opencl/CLBuffer.cpp,constVariableReference,style,1,31
src/core/tensor/opencl/DeviceMemory.cpp,functionStatic,style,1,145
src/core/tensor/opencl/GPUBufferPool.cpp,functionStatic,style,1,35
src/core/tensor/opencl/KernelManager.cpp,functionStatic,style,1,172
src/core/utility/progress.cpp,normalCheckLevelMaxBranches,information,1,0
src/core/utility/progress.cpp,useStlAlgorithm,style,1,96
src/core/utility/synthetic_spike_data.cpp,normalCheckLevelMaxBranches,information,1,0
src/core/wave/audioFeatureExtraction.cpp,normalCheckLevelMaxBranches,information,1,0
src/core/wave/filter_operations.cpp,normalCheckLevelMaxBranches,information,1,0
src/core/wave/filter_operations.cpp,useStlAlgorithm,style,1,58
src/core/wavelet/waveletOperations.cpp,normalCheckLevelMaxBranches,information,1,0
src/demos/autoEncoderLeakyReLUAndSpikeTest/autoEncoderLeakyReLUAndSpikeTest.cpp,functionStatic,style,1,199
src/demos/autoEncoderLeakyReLUAndSpikeTest/autoEncoderLeakyReLUAndSpikeTest.cpp,normalCheckLevelMaxBranches,information,1,0
src/demos/autoEncoderLeakyReLUAndSpikeTest/autoEncoderLeakyReLUAndSpikeTest.cpp,throwInEntryPoint,error,1,287
src/demos/autoEncoderLeakyReLUAndSpikeTest/autoEncoderLeakyReLUAndSpikeTest.cpp,useStlAlgorithm,style,1,231
src/demos/autoEncoderLeakyReLUTest/autoEncoderLeakyReLUTest.cpp,normalCheckLevelMaxBranches,information,1,0
src/demos/autoEncoderLeakyReLUTest/autoEncoderLeakyReLUTest.cpp,throwInEntryPoint,error,1,233
src/demos/cppdemos/comandos.cpp,normalCheckLevelMaxBranches,information,1,0
src/demos/cppdemos/rede_snn.cpp,ctuOneDefinitionRuleViolation,error,1,117
src/demos/cppdemos/rede_snn.cpp,normalCheckLevelMaxBranches,information,1,0
src/demos/cppdemos/speaker_demo.cpp,constParameterReference,style,1,21
src/demos/cppdemos/speaker_demo.cpp,normalCheckLevelMaxBranches,information,1,0
src/demos/exec_plotSpikingNetwork/plotSpikingNetwork.cpp,normalCheckLevelMaxBranches,information,1,0
src/demos/exec_plotSpikingNetwork/plotSpikingNetwork.cpp,throwInEntryPoint,error,1,86
src/demos/exec_resnet_demo/resnet_demo.cpp,normalCheckLevelMaxBranches,information,1,0
src/demos/exec_resnet_demo/resnet_demo.cpp,throwInEntryPoint,error,1,88
src/demos/fftw3_demo/fftw3_demo.cpp,missingInclude,information,1,16
src/demos/voice_biometrics_cpp/main.cpp,constVariableReference,style,1,284
src/demos/voice_biometrics_cpp/main.cpp,normalCheckLevelMaxBranches,information,1,0
src/demos/voice_biometrics_cpp/main.cpp,throwInEntryPoint,error,1,541
src/demos/wavelet_demo/wavelet_demo.cpp,missingInclude,information,1,16
src/experiments/00/phase00.cpp,normalCheckLevelMaxBranches,information,1,0
src/experiments/00/phase00_data.cpp,normalCheckLevelMaxBranches,information,1,0
src/experiments/00/phase00_features.cpp,normalCheckLevelMaxBranches,information,1,0
src/experiments/00/phase00_features.cpp,useStlAlgorithm,style,1,181
src/experiments/00/phase00_training.cpp,normalCheckLevelMaxBranches,information,1,0
src/experiments/02/Experiment02Config.cpp,normalCheckLevelMaxBranches,information,1,0
src/experiments/02/Experiment02Data.cpp,normalCheckLevelMaxBranches,information,1,0
src/experiments/02/Experiment02Training.cpp,normalCheckLevelMaxBranches,information,1,0
src/experiments/02/Experiment02Training.cpp,useStlAlgorithm,style,1,54
src/experiments/02/Experiment02Wavelets.cpp,useStlAlgorithm,style,1,82
src/experiments/03/experiment03.cpp,normalCheckLevelMaxBranches,information,1,0
src/experiments/03/lib/include/Experiment03Config.hpp,ctuOneDefinitionRuleViolation,error,1,23
src/experiments/03/lib/src/DatasetBuilder.cpp,normalCheckLevelMaxBranches,information,1,0
src/experiments/03/lib/src/ProfileLoader.cpp,normalCheckLevelMaxBranches,information,1,0
src/experiments/03/lib/src/ResultsWriter.cpp,normalCheckLevelMaxBranches,information,1,0
src/experiments/03/lib/src/RunSummaryBuilder.cpp,normalCheckLevelMaxBranches,information,1,0
src/experiments/03/lib/src/autoencoder/AudioWindowAutoencoder.cpp,normalCheckLevelMaxBranches,information,1,0
src/experiments/03/lib/src/autoencoder/AudioWindowSpikingAutoencoder.cpp,normalCheckLevelMaxBranches,information,1,0
src/experiments/03/lib/src/autoencoder/EegWindowAutoencoder.cpp,normalCheckLevelMaxBranches,information,1,0
src/experiments/03/lib/src/autoencoder/EegWindowSpikingAutoencoder.cpp,normalCheckLevelMaxBranches,information,1,0
src/experiments/03/lib/src/autoencoder/FusedWindowAutoencoder.cpp,normalCheckLevelMaxBranches,information,1,0
src/experiments/03/lib/src/autoencoder/FusedWindowSpikingAutoencoder.cpp,normalCheckLevelMaxBranches,information,1,0
src/experiments/03/lib/src/autoencoder/ProtocolAutoencoder.cpp,normalCheckLevelMaxBranches,information,1,0
src/experiments/03/lib/src/autoencoder/ProtocolSpikingAutoencoder.cpp,normalCheckLevelMaxBranches,information,1,0
src/experiments/03/lib/src/cli.cpp,missingInclude,information,1,16
src/experiments/03/lib/src/cli.cpp,normalCheckLevelMaxBranches,information,1,0
src/experiments/03/lib/src/experiment03.cpp,clarifyCalculation,style,1,210
src/experiments/03/lib/src/experiment03.cpp,constVariablePointer,style,1,127
src/experiments/03/lib/src/experiment03.cpp,normalCheckLevelMaxBranches,information,1,0
src/experiments/03/lib/src/experiment03_helpers.cpp,normalCheckLevelMaxBranches,information,1,0
src/experiments/Config.cpp,normalCheckLevelMaxBranches,information,1,0
src/experiments/Config.hpp,ctuOneDefinitionRuleViolation,error,1,24
