Rank,Profile,Profile Signature,Modality,Loss Type,LR,BS,HS,LS,Final Train Loss,Final Val Loss,Mean Val Loss,Best Val Loss,Epochs,Status,Error,Duplicate Runs
1,20260413_025835_audio-window-snn_grid_257_lr0_0010_bs32_hs32_ls64_mae,audio-window-snn_grid_257_lr0_0010_bs32_hs32_ls64_mae,audio-window,mae,0.0010,32,32,64,0.706658,0.704623,0.704623,0.704623,8,Success,,2
2,20260413_030044_audio-window-snn_grid_263_lr0_0010_bs32_hs64_ls64_mae,audio-window-snn_grid_263_lr0_0010_bs32_hs64_ls64_mae,audio-window,mae,0.0010,32,64,64,0.706658,0.704623,0.704623,0.704623,8,Success,,2
3,20260413_030311_audio-window-snn_grid_269_lr0_0010_bs32_hs128_ls64_mae,audio-window-snn_grid_269_lr0_0010_bs32_hs128_ls64_mae,audio-window,mae,0.0010,32,128,64,0.706658,0.704623,0.704623,0.704623,8,Success,,2
4,20260413_075722_audio-window-snn_grid_275_lr0_0010_bs64_hs32_ls64_mae,audio-window-snn_grid_275_lr0_0010_bs64_hs32_ls64_mae,audio-window,mae,0.0010,64,32,64,0.706658,0.704623,0.704623,0.704623,8,Success,,2
5,20260413_080724_audio-window-snn_grid_281_lr0_0010_bs64_hs64_ls64_mae,audio-window-snn_grid_281_lr0_0010_bs64_hs64_ls64_mae,audio-window,mae,0.0010,64,64,64,0.706658,0.704623,0.704623,0.704623,8,Success,,2
6,20260413_081726_audio-window-snn_grid_287_lr0_0010_bs64_hs128_ls64_mae,audio-window-snn_grid_287_lr0_0010_bs64_hs128_ls64_mae,audio-window,mae,0.0010,64,128,64,0.706658,0.704623,0.704623,0.704623,8,Success,,2
7,20260413_025103_audio-window-snn_grid_235_lr0_0010_bs16_hs32_ls16_mae,audio-window-snn_grid_235_lr0_0010_bs16_hs32_ls16_mae,audio-window,mae,0.0010,16,32,16,0.703800,0.705212,0.705212,0.705212,8,Success,,2
8,20260413_025239_audio-window-snn_grid_241_lr0_0010_bs16_hs64_ls16_mae,audio-window-snn_grid_241_lr0_0010_bs16_hs64_ls16_mae,audio-window,mae,0.0010,16,64,16,0.703800,0.705212,0.705212,0.705212,8,Success,,2
9,20260413_025419_audio-window-snn_grid_247_lr0_0010_bs16_hs128_ls16_mae,audio-window-snn_grid_247_lr0_0010_bs16_hs128_ls16_mae,audio-window,mae,0.0010,16,128,16,0.703800,0.705212,0.705212,0.705212,8,Success,,2
10,20260413_022705_audio-window-snn_grid_163_lr0_0005_bs16_hs32_ls16_mae,audio-window-snn_grid_163_lr0_0005_bs16_hs32_ls16_mae,audio-window,mae,0.0005,16,32,16,0.710034,0.706852,0.706852,0.706852,8,Success,,2
11,20260413_022828_audio-window-snn_grid_169_lr0_0005_bs16_hs64_ls16_mae,audio-window-snn_grid_169_lr0_0005_bs16_hs64_ls16_mae,audio-window,mae,0.0005,16,64,16,0.710034,0.706852,0.706852,0.706852,8,Success,,2
12,20260413_023032_audio-window-snn_grid_175_lr0_0005_bs16_hs128_ls16_mae,audio-window-snn_grid_175_lr0_0005_bs16_hs128_ls16_mae,audio-window,mae,0.0005,16,128,16,0.710034,0.706852,0.706852,0.706852,8,Success,,2
13,20260413_020859_audio-window-snn_grid_109_lr0_0003_bs32_hs32_ls16_mae,audio-window-snn_grid_109_lr0_0003_bs32_hs32_ls16_mae,audio-window,mae,0.0003,32,32,16,0.708088,0.707069,0.707069,0.707069,8,Success,,2
14,20260413_021120_audio-window-snn_grid_115_lr0_0003_bs32_hs64_ls16_mae,audio-window-snn_grid_115_lr0_0003_bs32_hs64_ls16_mae,audio-window,mae,0.0003,32,64,16,0.708088,0.707069,0.707069,0.707069,8,Success,,2
15,20260413_021342_audio-window-snn_grid_121_lr0_0003_bs32_hs128_ls16_mae,audio-window-snn_grid_121_lr0_0003_bs32_hs128_ls16_mae,audio-window,mae,0.0003,32,128,16,0.708088,0.707069,0.707069,0.707069,8,Success,,2
16,20260413_021557_audio-window-snn_grid_127_lr0_0003_bs64_hs32_ls16_mae,audio-window-snn_grid_127_lr0_0003_bs64_hs32_ls16_mae,audio-window,mae,0.0003,64,32,16,0.708088,0.707069,0.707069,0.707069,8,Success,,2
17,20260413_021842_audio-window-snn_grid_133_lr0_0003_bs64_hs64_ls16_mae,audio-window-snn_grid_133_lr0_0003_bs64_hs64_ls16_mae,audio-window,mae,0.0003,64,64,16,0.708088,0.707069,0.707069,0.707069,8,Success,,2
18,20260413_022106_audio-window-snn_grid_139_lr0_0003_bs64_hs128_ls16_mae,audio-window-snn_grid_139_lr0_0003_bs64_hs128_ls16_mae,audio-window,mae,0.0003,64,128,16,0.708088,0.707069,0.707069,0.707069,8,Success,,2
19,20260413_025757_audio-window-snn_grid_255_lr0_0010_bs32_hs32_ls32_mae,audio-window-snn_grid_255_lr0_0010_bs32_hs32_ls32_mae,audio-window,mae,0.0010,32,32,32,0.713884,0.707113,0.707113,0.707113,8,Success,,2
20,20260413_030006_audio-window-snn_grid_261_lr0_0010_bs32_hs64_ls32_mae,audio-window-snn_grid_261_lr0_0010_bs32_hs64_ls32_mae,audio-window,mae,0.0010,32,64,32,0.713884,0.707113,0.707113,0.707113,8,Success,,2
21,20260413_030258_audio-window-snn_grid_267_lr0_0010_bs32_hs128_ls32_mae,audio-window-snn_grid_267_lr0_0010_bs32_hs128_ls32_mae,audio-window,mae,0.0010,32,128,32,0.713884,0.707113,0.707113,0.707113,8,Success,,2
22,20260413_030458_audio-window-snn_grid_273_lr0_0010_bs64_hs32_ls32_mae,audio-window-snn_grid_273_lr0_0010_bs64_hs32_ls32_mae,audio-window,mae,0.0010,64,32,32,0.713884,0.707113,0.707113,0.707113,8,Success,,2
23,20260413_030736_audio-window-snn_grid_279_lr0_0010_bs64_hs64_ls32_mae,audio-window-snn_grid_279_lr0_0010_bs64_hs64_ls32_mae,audio-window,mae,0.0010,64,64,32,0.713884,0.707113,0.707113,0.707113,8,Success,,2
24,20260413_030938_audio-window-snn_grid_285_lr0_0010_bs64_hs128_ls32_mae,audio-window-snn_grid_285_lr0_0010_bs64_hs128_ls32_mae,audio-window,mae,0.0010,64,128,32,0.713884,0.707113,0.707113,0.707113,8,Success,,2
25,20260413_022743_audio-window-snn_grid_165_lr0_0005_bs16_hs32_ls32_mae,audio-window-snn_grid_165_lr0_0005_bs16_hs32_ls32_mae,audio-window,mae,0.0005,16,32,32,0.712821,0.707847,0.707847,0.707847,8,Success,,2
26,20260413_022846_audio-window-snn_grid_171_lr0_0005_bs16_hs64_ls32_mae,audio-window-snn_grid_171_lr0_0005_bs16_hs64_ls32_mae,audio-window,mae,0.0005,16,64,32,0.712821,0.707847,0.707847,0.707847,8,Success,,2
27,20260413_023108_audio-window-snn_grid_177_lr0_0005_bs16_hs128_ls32_mae,audio-window-snn_grid_177_lr0_0005_bs16_hs128_ls32_mae,audio-window,mae,0.0005,16,128,32,0.712821,0.707847,0.707847,0.707847,8,Success,,2
28,20260413_020921_audio-window-snn_grid_111_lr0_0003_bs32_hs32_ls32_mae,audio-window-snn_grid_111_lr0_0003_bs32_hs32_ls32_mae,audio-window,mae,0.0003,32,32,32,0.710367,0.708554,0.708554,0.708554,8,Success,,2
29,20260413_021155_audio-window-snn_grid_117_lr0_0003_bs32_hs64_ls32_mae,audio-window-snn_grid_117_lr0_0003_bs32_hs64_ls32_mae,audio-window,mae,0.0003,32,64,32,0.710367,0.708554,0.708554,0.708554,8,Success,,2
30,20260413_021419_audio-window-snn_grid_123_lr0_0003_bs32_hs128_ls32_mae,audio-window-snn_grid_123_lr0_0003_bs32_hs128_ls32_mae,audio-window,mae,0.0003,32,128,32,0.710367,0.708554,0.708554,0.708554,8,Success,,2
31,20260413_021637_audio-window-snn_grid_129_lr0_0003_bs64_hs32_ls32_mae,audio-window-snn_grid_129_lr0_0003_bs64_hs32_ls32_mae,audio-window,mae,0.0003,64,32,32,0.710367,0.708554,0.708554,0.708554,8,Success,,2
32,20260413_021909_audio-window-snn_grid_135_lr0_0003_bs64_hs64_ls32_mae,audio-window-snn_grid_135_lr0_0003_bs64_hs64_ls32_mae,audio-window,mae,0.0003,64,64,32,0.710367,0.708554,0.708554,0.708554,8,Success,,2
33,20260413_022209_audio-window-snn_grid_141_lr0_0003_bs64_hs128_ls32_mae,audio-window-snn_grid_141_lr0_0003_bs64_hs128_ls32_mae,audio-window,mae,0.0003,64,128,32,0.710367,0.708554,0.708554,0.708554,8,Success,,2
34,20260413_013103_audio-window-snn_grid_041_lr0_0001_bs32_hs32_ls64_mae,audio-window-snn_grid_041_lr0_0001_bs32_hs32_ls64_mae,audio-window,mae,0.0001,32,32,64,0.710900,0.709470,0.709470,0.709470,8,Success,,1
35,20260413_014106_audio-window-snn_grid_047_lr0_0001_bs32_hs64_ls64_mae,audio-window-snn_grid_047_lr0_0001_bs32_hs64_ls64_mae,audio-window,mae,0.0001,32,64,64,0.710900,0.709470,0.709470,0.709470,8,Success,,1
36,20260413_015217_audio-window-snn_grid_053_lr0_0001_bs32_hs128_ls64_mae,audio-window-snn_grid_053_lr0_0001_bs32_hs128_ls64_mae,audio-window,mae,0.0001,32,128,64,0.710900,0.709470,0.709470,0.709470,8,Success,,2
37,20260413_015236_audio-window-snn_grid_059_lr0_0001_bs64_hs32_ls64_mae,audio-window-snn_grid_059_lr0_0001_bs64_hs32_ls64_mae,audio-window,mae,0.0001,64,32,64,0.710900,0.709470,0.709470,0.709470,8,Success,,2
38,20260413_015657_audio-window-snn_grid_065_lr0_0001_bs64_hs64_ls64_mae,audio-window-snn_grid_065_lr0_0001_bs64_hs64_ls64_mae,audio-window,mae,0.0001,64,64,64,0.710900,0.709470,0.709470,0.709470,8,Success,,2
39,20260413_015800_audio-window-snn_grid_071_lr0_0001_bs64_hs128_ls64_mae,audio-window-snn_grid_071_lr0_0001_bs64_hs128_ls64_mae,audio-window,mae,0.0001,64,128,64,0.710900,0.709470,0.709470,0.709470,8,Success,,2
40,20260413_012741_audio-window-snn_grid_039_lr0_0001_bs32_hs32_ls32_mae,audio-window-snn_grid_039_lr0_0001_bs32_hs32_ls32_mae,audio-window,mae,0.0001,32,32,32,0.709831,0.709476,0.709476,0.709476,8,Success,,1
41,20260413_013745_audio-window-snn_grid_045_lr0_0001_bs32_hs64_ls32_mae,audio-window-snn_grid_045_lr0_0001_bs32_hs64_ls32_mae,audio-window,mae,0.0001,32,64,32,0.709831,0.709476,0.709476,0.709476,8,Success,,1
42,20260413_014953_audio-window-snn_grid_051_lr0_0001_bs32_hs128_ls32_mae,audio-window-snn_grid_051_lr0_0001_bs32_hs128_ls32_mae,audio-window,mae,0.0001,32,128,32,0.709831,0.709476,0.709476,0.709476,8,Success,,2
43,20260413_015234_audio-window-snn_grid_057_lr0_0001_bs64_hs32_ls32_mae,audio-window-snn_grid_057_lr0_0001_bs64_hs32_ls32_mae,audio-window,mae,0.0001,64,32,32,0.709831,0.709476,0.709476,0.709476,8,Success,,2
44,20260413_015510_audio-window-snn_grid_063_lr0_0001_bs64_hs64_ls32_mae,audio-window-snn_grid_063_lr0_0001_bs64_hs64_ls32_mae,audio-window,mae,0.0001,64,64,32,0.709831,0.709476,0.709476,0.709476,8,Success,,2
45,20260413_015735_audio-window-snn_grid_069_lr0_0001_bs64_hs128_ls32_mae,audio-window-snn_grid_069_lr0_0001_bs64_hs128_ls32_mae,audio-window,mae,0.0001,64,128,32,0.709831,0.709476,0.709476,0.709476,8,Success,,2
46,20260413_025736_audio-window-snn_grid_253_lr0_0010_bs32_hs32_ls16_mae,audio-window-snn_grid_253_lr0_0010_bs32_hs32_ls16_mae,audio-window,mae,0.0010,32,32,16,0.713299,0.709691,0.709691,0.709691,8,Success,,2
47,20260413_025936_audio-window-snn_grid_259_lr0_0010_bs32_hs64_ls16_mae,audio-window-snn_grid_259_lr0_0010_bs32_hs64_ls16_mae,audio-window,mae,0.0010,32,64,16,0.713299,0.709691,0.709691,0.709691,8,Success,,2
48,20260413_030217_audio-window-snn_grid_265_lr0_0010_bs32_hs128_ls16_mae,audio-window-snn_grid_265_lr0_0010_bs32_hs128_ls16_mae,audio-window,mae,0.0010,32,128,16,0.713299,0.709691,0.709691,0.709691,8,Success,,2
49,20260413_030405_audio-window-snn_grid_271_lr0_0010_bs64_hs32_ls16_mae,audio-window-snn_grid_271_lr0_0010_bs64_hs32_ls16_mae,audio-window,mae,0.0010,64,32,16,0.713299,0.709691,0.709691,0.709691,8,Success,,2
50,20260413_030705_audio-window-snn_grid_277_lr0_0010_bs64_hs64_ls16_mae,audio-window-snn_grid_277_lr0_0010_bs64_hs64_ls16_mae,audio-window,mae,0.0010,64,64,16,0.713299,0.709691,0.709691,0.709691,8,Success,,2
51,20260413_030915_audio-window-snn_grid_283_lr0_0010_bs64_hs128_ls16_mae,audio-window-snn_grid_283_lr0_0010_bs64_hs128_ls16_mae,audio-window,mae,0.0010,64,128,16,0.713299,0.709691,0.709691,0.709691,8,Success,,2
52,20260413_020350_audio-window-snn_grid_097_lr0_0003_bs16_hs64_ls16_mae,audio-window-snn_grid_097_lr0_0003_bs16_hs64_ls16_mae,audio-window,mae,0.0003,16,64,16,0.710585,0.709903,0.709903,0.709903,8,Success,,2
53,20260413_020607_audio-window-snn_grid_103_lr0_0003_bs16_hs128_ls16_mae,audio-window-snn_grid_103_lr0_0003_bs16_hs128_ls16_mae,audio-window,mae,0.0003,16,128,16,0.710585,0.709903,0.709903,0.709903,8,Success,,2
54,20260413_033739_audio-window-snn_grid_091_lr0_0003_bs16_hs32_ls16_mae,audio-window-snn_grid_091_lr0_0003_bs16_hs32_ls16_mae,audio-window,mae,0.0003,16,32,16,0.710585,0.709903,0.709903,0.709903,8,Success,,2
55,20260413_023401_audio-window-snn_grid_183_lr0_0005_bs32_hs32_ls32_mae,audio-window-snn_grid_183_lr0_0005_bs32_hs32_ls32_mae,audio-window,mae,0.0005,32,32,32,0.709459,0.710406,0.710406,0.710406,8,Success,,2
56,20260413_023621_audio-window-snn_grid_189_lr0_0005_bs32_hs64_ls32_mae,audio-window-snn_grid_189_lr0_0005_bs32_hs64_ls32_mae,audio-window,mae,0.0005,32,64,32,0.709459,0.710406,0.710406,0.710406,8,Success,,2
57,20260413_023859_audio-window-snn_grid_195_lr0_0005_bs32_hs128_ls32_mae,audio-window-snn_grid_195_lr0_0005_bs32_hs128_ls32_mae,audio-window,mae,0.0005,32,128,32,0.709459,0.710406,0.710406,0.710406,8,Success,,2
58,20260413_024100_audio-window-snn_grid_201_lr0_0005_bs64_hs32_ls32_mae,audio-window-snn_grid_201_lr0_0005_bs64_hs32_ls32_mae,audio-window,mae,0.0005,64,32,32,0.709459,0.710406,0.710406,0.710406,8,Success,,2
59,20260413_024339_audio-window-snn_grid_207_lr0_0005_bs64_hs64_ls32_mae,audio-window-snn_grid_207_lr0_0005_bs64_hs64_ls32_mae,audio-window,mae,0.0005,64,64,32,0.709459,0.710406,0.710406,0.710406,8,Success,,2
60,20260413_024607_audio-window-snn_grid_213_lr0_0005_bs64_hs128_ls32_mae,audio-window-snn_grid_213_lr0_0005_bs64_hs128_ls32_mae,audio-window,mae,0.0005,64,128,32,0.709459,0.710406,0.710406,0.710406,8,Success,,2
61,20260413_025146_audio-window-snn_grid_237_lr0_0010_bs16_hs32_ls32_mae,audio-window-snn_grid_237_lr0_0010_bs16_hs32_ls32_mae,audio-window,mae,0.0010,16,32,32,0.705786,0.710476,0.710476,0.710476,8,Success,,2
62,20260413_025251_audio-window-snn_grid_243_lr0_0010_bs16_hs64_ls32_mae,audio-window-snn_grid_243_lr0_0010_bs16_hs64_ls32_mae,audio-window,mae,0.0010,16,64,32,0.705786,0.710476,0.710476,0.710476,8,Success,,2
63,20260413_025509_audio-window-snn_grid_249_lr0_0010_bs16_hs128_ls32_mae,audio-window-snn_grid_249_lr0_0010_bs16_hs128_ls32_mae,audio-window,mae,0.0010,16,128,32,0.705786,0.710476,0.710476,0.710476,8,Success,,2
64,20260413_012419_audio-window-snn_grid_037_lr0_0001_bs32_hs32_ls16_mae,audio-window-snn_grid_037_lr0_0001_bs32_hs32_ls16_mae,audio-window,mae,0.0001,32,32,16,0.710071,0.710961,0.710961,0.710961,8,Success,,1
65,20260413_013425_audio-window-snn_grid_043_lr0_0001_bs32_hs64_ls16_mae,audio-window-snn_grid_043_lr0_0001_bs32_hs64_ls16_mae,audio-window,mae,0.0001,32,64,16,0.710071,0.710961,0.710961,0.710961,8,Success,,1
66,20260413_014950_audio-window-snn_grid_049_lr0_0001_bs32_hs128_ls16_mae,audio-window-snn_grid_049_lr0_0001_bs32_hs128_ls16_mae,audio-window,mae,0.0001,32,128,16,0.710071,0.710961,0.710961,0.710961,8,Success,,1
67,20260413_015230_audio-window-snn_grid_055_lr0_0001_bs64_hs32_ls16_mae,audio-window-snn_grid_055_lr0_0001_bs64_hs32_ls16_mae,audio-window,mae,0.0001,64,32,16,0.710071,0.710961,0.710961,0.710961,8,Success,,2
68,20260413_015421_audio-window-snn_grid_061_lr0_0001_bs64_hs64_ls16_mae,audio-window-snn_grid_061_lr0_0001_bs64_hs64_ls16_mae,audio-window,mae,0.0001,64,64,16,0.710071,0.710961,0.710961,0.710961,8,Success,,2
69,20260413_015709_audio-window-snn_grid_067_lr0_0001_bs64_hs128_ls16_mae,audio-window-snn_grid_067_lr0_0001_bs64_hs128_ls16_mae,audio-window,mae,0.0001,64,128,16,0.710071,0.710961,0.710961,0.710961,8,Success,,2
70,20260413_020320_audio-window-snn_grid_093_lr0_0003_bs16_hs32_ls32_mae,audio-window-snn_grid_093_lr0_0003_bs16_hs32_ls32_mae,audio-window,mae,0.0003,16,32,32,0.711859,0.711173,0.711173,0.711173,8,Success,,2
71,20260413_020420_audio-window-snn_grid_099_lr0_0003_bs16_hs64_ls32_mae,audio-window-snn_grid_099_lr0_0003_bs16_hs64_ls32_mae,audio-window,mae,0.0003,16,64,32,0.711859,0.711173,0.711173,0.711173,8,Success,,2
72,20260413_020641_audio-window-snn_grid_105_lr0_0003_bs16_hs128_ls32_mae,audio-window-snn_grid_105_lr0_0003_bs16_hs128_ls32_mae,audio-window,mae,0.0003,16,128,32,0.711859,0.711173,0.711173,0.711173,8,Success,,2
73,20260413_025159_audio-window-snn_grid_239_lr0_0010_bs16_hs32_ls64_mae,audio-window-snn_grid_239_lr0_0010_bs16_hs32_ls64_mae,audio-window,mae,0.0010,16,32,64,0.716401,0.713198,0.713198,0.713198,8,Success,,2
74,20260413_025316_audio-window-snn_grid_245_lr0_0010_bs16_hs64_ls64_mae,audio-window-snn_grid_245_lr0_0010_bs16_hs64_ls64_mae,audio-window,mae,0.0010,16,64,64,0.716401,0.713198,0.713198,0.713198,8,Success,,2
75,20260413_025527_audio-window-snn_grid_251_lr0_0010_bs16_hs128_ls64_mae,audio-window-snn_grid_251_lr0_0010_bs16_hs128_ls64_mae,audio-window,mae,0.0010,16,128,64,0.716401,0.713198,0.713198,0.713198,8,Success,,2
76,20260413_010127_audio-window-snn_grid_019_lr0_0001_bs16_hs32_ls16_mae,audio-window-snn_grid_019_lr0_0001_bs16_hs32_ls16_mae,audio-window,mae,0.0001,16,32,16,0.713725,0.713596,0.713596,0.713596,8,Success,,1
77,20260413_010353_audio-window-snn_grid_021_lr0_0001_bs16_hs32_ls32_mae,audio-window-snn_grid_021_lr0_0001_bs16_hs32_ls32_mae,audio-window,mae,0.0001,16,32,32,0.713725,0.713596,0.713596,0.713596,8,Success,,1
78,20260413_010846_audio-window-snn_grid_025_lr0_0001_bs16_hs64_ls16_mae,audio-window-snn_grid_025_lr0_0001_bs16_hs64_ls16_mae,audio-window,mae,0.0001,16,64,16,0.713725,0.713596,0.713596,0.713596,8,Success,,1
79,20260413_011112_audio-window-snn_grid_027_lr0_0001_bs16_hs64_ls32_mae,audio-window-snn_grid_027_lr0_0001_bs16_hs64_ls32_mae,audio-window,mae,0.0001,16,64,32,0.713725,0.713596,0.713596,0.713596,8,Success,,1
80,20260413_011605_audio-window-snn_grid_031_lr0_0001_bs16_hs128_ls16_mae,audio-window-snn_grid_031_lr0_0001_bs16_hs128_ls16_mae,audio-window,mae,0.0001,16,128,16,0.713725,0.713596,0.713596,0.713596,8,Success,,1
81,20260413_011831_audio-window-snn_grid_033_lr0_0001_bs16_hs128_ls32_mae,audio-window-snn_grid_033_lr0_0001_bs16_hs128_ls32_mae,audio-window,mae,0.0001,16,128,32,0.713725,0.713596,0.713596,0.713596,8,Success,,1
82,20260413_010620_audio-window-snn_grid_023_lr0_0001_bs16_hs32_ls64_mae,audio-window-snn_grid_023_lr0_0001_bs16_hs32_ls64_mae,audio-window,mae,0.0001,16,32,64,0.716761,0.714128,0.714128,0.714128,8,Success,,1
83,20260413_011339_audio-window-snn_grid_029_lr0_0001_bs16_hs64_ls64_mae,audio-window-snn_grid_029_lr0_0001_bs16_hs64_ls64_mae,audio-window,mae,0.0001,16,64,64,0.716761,0.714128,0.714128,0.714128,8,Success,,1
84,20260413_012057_audio-window-snn_grid_035_lr0_0001_bs16_hs128_ls64_mae,audio-window-snn_grid_035_lr0_0001_bs16_hs128_ls64_mae,audio-window,mae,0.0001,16,128,64,0.716761,0.714128,0.714128,0.714128,8,Success,,1
85,20260413_022804_audio-window-snn_grid_167_lr0_0005_bs16_hs32_ls64_mae,audio-window-snn_grid_167_lr0_0005_bs16_hs32_ls64_mae,audio-window,mae,0.0005,16,32,64,0.713921,0.715054,0.715054,0.715054,8,Success,,2
86,20260413_022928_audio-window-snn_grid_173_lr0_0005_bs16_hs64_ls64_mae,audio-window-snn_grid_173_lr0_0005_bs16_hs64_ls64_mae,audio-window,mae,0.0005,16,64,64,0.713921,0.715054,0.715054,0.715054,8,Success,,2
87,20260413_023122_audio-window-snn_grid_179_lr0_0005_bs16_hs128_ls64_mae,audio-window-snn_grid_179_lr0_0005_bs16_hs128_ls64_mae,audio-window,mae,0.0005,16,128,64,0.713921,0.715054,0.715054,0.715054,8,Success,,2
88,20260413_023339_audio-window-snn_grid_181_lr0_0005_bs32_hs32_ls16_mae,audio-window-snn_grid_181_lr0_0005_bs32_hs32_ls16_mae,audio-window,mae,0.0005,32,32,16,0.705480,0.715500,0.715500,0.715500,8,Success,,2
89,20260413_023543_audio-window-snn_grid_187_lr0_0005_bs32_hs64_ls16_mae,audio-window-snn_grid_187_lr0_0005_bs32_hs64_ls16_mae,audio-window,mae,0.0005,32,64,16,0.705480,0.715500,0.715500,0.715500,8,Success,,2
90,20260413_023820_audio-window-snn_grid_193_lr0_0005_bs32_hs128_ls16_mae,audio-window-snn_grid_193_lr0_0005_bs32_hs128_ls16_mae,audio-window,mae,0.0005,32,128,16,0.705480,0.715500,0.715500,0.715500,8,Success,,2
91,20260413_024016_audio-window-snn_grid_199_lr0_0005_bs64_hs32_ls16_mae,audio-window-snn_grid_199_lr0_0005_bs64_hs32_ls16_mae,audio-window,mae,0.0005,64,32,16,0.705480,0.715500,0.715500,0.715500,8,Success,,2
92,20260413_024306_audio-window-snn_grid_205_lr0_0005_bs64_hs64_ls16_mae,audio-window-snn_grid_205_lr0_0005_bs64_hs64_ls16_mae,audio-window,mae,0.0005,64,64,16,0.705480,0.715500,0.715500,0.715500,8,Success,,2
93,20260413_024522_audio-window-snn_grid_211_lr0_0005_bs64_hs128_ls16_mae,audio-window-snn_grid_211_lr0_0005_bs64_hs128_ls16_mae,audio-window,mae,0.0005,64,128,16,0.705480,0.715500,0.715500,0.715500,8,Success,,2
94,20260413_021006_audio-window-snn_grid_113_lr0_0003_bs32_hs32_ls64_mae,audio-window-snn_grid_113_lr0_0003_bs32_hs32_ls64_mae,audio-window,mae,0.0003,32,32,64,0.710808,0.715608,0.715608,0.715608,8,Success,,2
95,20260413_021216_audio-window-snn_grid_119_lr0_0003_bs32_hs64_ls64_mae,audio-window-snn_grid_119_lr0_0003_bs32_hs64_ls64_mae,audio-window,mae,0.0003,32,64,64,0.710808,0.715608,0.715608,0.715608,8,Success,,2
96,20260413_021501_audio-window-snn_grid_125_lr0_0003_bs32_hs128_ls64_mae,audio-window-snn_grid_125_lr0_0003_bs32_hs128_ls64_mae,audio-window,mae,0.0003,32,128,64,0.710808,0.715608,0.715608,0.715608,8,Success,,2
97,20260413_021737_audio-window-snn_grid_131_lr0_0003_bs64_hs32_ls64_mae,audio-window-snn_grid_131_lr0_0003_bs64_hs32_ls64_mae,audio-window,mae,0.0003,64,32,64,0.710808,0.715608,0.715608,0.715608,8,Success,,2
98,20260413_021959_audio-window-snn_grid_137_lr0_0003_bs64_hs64_ls64_mae,audio-window-snn_grid_137_lr0_0003_bs64_hs64_ls64_mae,audio-window,mae,0.0003,64,64,64,0.710808,0.715608,0.715608,0.715608,8,Success,,2
99,20260413_022247_audio-window-snn_grid_143_lr0_0003_bs64_hs128_ls64_mae,audio-window-snn_grid_143_lr0_0003_bs64_hs128_ls64_mae,audio-window,mae,0.0003,64,128,64,0.710808,0.715608,0.715608,0.715608,8,Success,,2
100,20260413_023446_audio-window-snn_grid_185_lr0_0005_bs32_hs32_ls64_mae,audio-window-snn_grid_185_lr0_0005_bs32_hs32_ls64_mae,audio-window,mae,0.0005,32,32,64,0.706671,0.715827,0.715827,0.715827,8,Success,,2
101,20260413_023637_audio-window-snn_grid_191_lr0_0005_bs32_hs64_ls64_mae,audio-window-snn_grid_191_lr0_0005_bs32_hs64_ls64_mae,audio-window,mae,0.0005,32,64,64,0.706671,0.715827,0.715827,0.715827,8,Success,,2
102,20260413_023920_audio-window-snn_grid_197_lr0_0005_bs32_hs128_ls64_mae,audio-window-snn_grid_197_lr0_0005_bs32_hs128_ls64_mae,audio-window,mae,0.0005,32,128,64,0.706671,0.715827,0.715827,0.715827,8,Success,,2
103,20260413_024157_audio-window-snn_grid_203_lr0_0005_bs64_hs32_ls64_mae,audio-window-snn_grid_203_lr0_0005_bs64_hs32_ls64_mae,audio-window,mae,0.0005,64,32,64,0.706671,0.715827,0.715827,0.715827,8,Success,,2
104,20260413_024428_audio-window-snn_grid_209_lr0_0005_bs64_hs64_ls64_mae,audio-window-snn_grid_209_lr0_0005_bs64_hs64_ls64_mae,audio-window,mae,0.0005,64,64,64,0.706671,0.715827,0.715827,0.715827,8,Success,,2
105,20260413_024646_audio-window-snn_grid_215_lr0_0005_bs64_hs128_ls64_mae,audio-window-snn_grid_215_lr0_0005_bs64_hs128_ls64_mae,audio-window,mae,0.0005,64,128,64,0.706671,0.715827,0.715827,0.715827,8,Success,,2
106,20260413_020330_audio-window-snn_grid_095_lr0_0003_bs16_hs32_ls64_mae,audio-window-snn_grid_095_lr0_0003_bs16_hs32_ls64_mae,audio-window,mae,0.0003,16,32,64,0.717536,0.716703,0.716703,0.716703,8,Success,,2
107,20260413_020443_audio-window-snn_grid_101_lr0_0003_bs16_hs64_ls64_mae,audio-window-snn_grid_101_lr0_0003_bs16_hs64_ls64_mae,audio-window,mae,0.0003,16,64,64,0.717536,0.716703,0.716703,0.716703,8,Success,,2
108,20260413_020659_audio-window-snn_grid_107_lr0_0003_bs16_hs128_ls64_mae,audio-window-snn_grid_107_lr0_0003_bs16_hs128_ls64_mae,audio-window,mae,0.0003,16,128,64,0.717536,0.716703,0.716703,0.716703,8,Success,,2
109,20260413_030756_eeg-window-snn_grid_005_lr0_0001_bs32_mae,eeg-window-snn_grid_005_lr0_0001_bs32_mae,eeg-window,mae,0.0001,32,32,16,0.753283,0.753174,0.753174,0.753174,8,Success,,2
110,20260413_030830_eeg-window-snn_grid_011_lr0_0003_bs32_mae,eeg-window-snn_grid_011_lr0_0003_bs32_mae,eeg-window,mae,0.0003,32,32,16,0.753828,0.754291,0.754291,0.754291,8,Success,,2
111,20260413_030903_eeg-window-snn_grid_017_lr0_0005_bs32_mae,eeg-window-snn_grid_017_lr0_0005_bs32_mae,eeg-window,mae,0.0005,32,32,16,0.755071,0.755298,0.755298,0.755298,8,Success,,2
112,20260413_030724_eeg-window-snn_grid_003_lr0_0001_bs16_mae,eeg-window-snn_grid_003_lr0_0001_bs16_mae,eeg-window,mae,0.0001,16,32,16,0.755593,0.755511,0.755511,0.755511,8,Success,,2
113,20260413_030840_eeg-window-snn_grid_015_lr0_0005_bs16_mae,eeg-window-snn_grid_015_lr0_0005_bs16_mae,eeg-window,mae,0.0005,16,32,16,0.756214,0.757218,0.757218,0.757218,8,Success,,2
114,20260413_030808_eeg-window-snn_grid_009_lr0_0003_bs16_mae,eeg-window-snn_grid_009_lr0_0003_bs16_mae,eeg-window,mae,0.0003,16,32,16,0.755863,0.758917,0.758917,0.758917,8,Success,,2
115,20260413_030653_eeg-window-snn_grid_001_lr0_0001_bs8_mae,eeg-window-snn_grid_001_lr0_0001_bs8_mae,eeg-window,mae,0.0001,8,32,16,0.767122,0.767068,0.767068,0.767068,8,Success,,2
116,20260413_030749_eeg-window-snn_grid_007_lr0_0003_bs8_mae,eeg-window-snn_grid_007_lr0_0003_bs8_mae,eeg-window,mae,0.0003,8,32,16,0.768649,0.767943,0.767943,0.767943,8,Success,,2
117,20260413_030820_eeg-window-snn_grid_013_lr0_0005_bs8_mae,eeg-window-snn_grid_013_lr0_0005_bs8_mae,eeg-window,mae,0.0005,8,32,16,0.772685,0.768809,0.768809,0.768809,8,Success,,2
118,20260413_024618_audio-window-snn_grid_219_lr0_0010_bs8_hs32_ls32_mae,audio-window-snn_grid_219_lr0_0010_bs8_hs32_ls32_mae,audio-window,mae,0.0010,8,32,32,0.775781,0.775442,0.775442,0.775442,8,Success,,2
119,20260413_024814_audio-window-snn_grid_225_lr0_0010_bs8_hs64_ls32_mae,audio-window-snn_grid_225_lr0_0010_bs8_hs64_ls32_mae,audio-window,mae,0.0010,8,64,32,0.775781,0.775442,0.775442,0.775442,8,Success,,2
120,20260413_024912_audio-window-snn_grid_231_lr0_0010_bs8_hs128_ls32_mae,audio-window-snn_grid_231_lr0_0010_bs8_hs128_ls32_mae,audio-window,mae,0.0010,8,128,32,0.775781,0.775442,0.775442,0.775442,8,Success,,2
121,20260413_024527_audio-window-snn_grid_217_lr0_0010_bs8_hs32_ls16_mae,audio-window-snn_grid_217_lr0_0010_bs8_hs32_ls16_mae,audio-window,mae,0.0010,8,32,16,0.778541,0.775477,0.775477,0.775477,8,Success,,2
122,20260413_024725_audio-window-snn_grid_223_lr0_0010_bs8_hs64_ls16_mae,audio-window-snn_grid_223_lr0_0010_bs8_hs64_ls16_mae,audio-window,mae,0.0010,8,64,16,0.778541,0.775477,0.775477,0.775477,8,Success,,2
123,20260413_024904_audio-window-snn_grid_229_lr0_0010_bs8_hs128_ls16_mae,audio-window-snn_grid_229_lr0_0010_bs8_hs128_ls16_mae,audio-window,mae,0.0010,8,128,16,0.778541,0.775477,0.775477,0.775477,8,Success,,2
124,20260413_015622_audio-window-snn_grid_073_lr0_0003_bs8_hs32_ls16_mae,audio-window-snn_grid_073_lr0_0003_bs8_hs32_ls16_mae,audio-window,mae,0.0003,8,32,16,0.778320,0.777306,0.777306,0.777306,8,Success,,2
125,20260413_015910_audio-window-snn_grid_079_lr0_0003_bs8_hs64_ls16_mae,audio-window-snn_grid_079_lr0_0003_bs8_hs64_ls16_mae,audio-window,mae,0.0003,8,64,16,0.778320,0.777306,0.777306,0.777306,8,Success,,2
126,20260413_020009_audio-window-snn_grid_085_lr0_0003_bs8_hs128_ls16_mae,audio-window-snn_grid_085_lr0_0003_bs8_hs128_ls16_mae,audio-window,mae,0.0003,8,128,16,0.778320,0.777306,0.777306,0.777306,8,Success,,2
127,20260413_022242_audio-window-snn_grid_149_lr0_0005_bs8_hs32_ls64_mae,audio-window-snn_grid_149_lr0_0005_bs8_hs32_ls64_mae,audio-window,mae,0.0005,8,32,64,0.782283,0.777369,0.777369,0.777369,8,Success,,2
128,20260413_022424_audio-window-snn_grid_155_lr0_0005_bs8_hs64_ls64_mae,audio-window-snn_grid_155_lr0_0005_bs8_hs64_ls64_mae,audio-window,mae,0.0005,8,64,64,0.782283,0.777369,0.777369,0.777369,8,Success,,2
129,20260413_022541_audio-window-snn_grid_161_lr0_0005_bs8_hs128_ls64_mae,audio-window-snn_grid_161_lr0_0005_bs8_hs128_ls64_mae,audio-window,mae,0.0005,8,128,64,0.782283,0.777369,0.777369,0.777369,8,Success,,2
130,20260413_022202_audio-window-snn_grid_147_lr0_0005_bs8_hs32_ls32_mae,audio-window-snn_grid_147_lr0_0005_bs8_hs32_ls32_mae,audio-window,mae,0.0005,8,32,32,0.779519,0.777447,0.777447,0.777447,8,Success,,2
131,20260413_022409_audio-window-snn_grid_153_lr0_0005_bs8_hs64_ls32_mae,audio-window-snn_grid_153_lr0_0005_bs8_hs64_ls32_mae,audio-window,mae,0.0005,8,64,32,0.779519,0.777447,0.777447,0.777447,8,Success,,2
132,20260413_022504_audio-window-snn_grid_159_lr0_0005_bs8_hs128_ls32_mae,audio-window-snn_grid_159_lr0_0005_bs8_hs128_ls32_mae,audio-window,mae,0.0005,8,128,32,0.779519,0.777447,0.777447,0.777447,8,Success,,2
133,20260413_015713_audio-window-snn_grid_075_lr0_0003_bs8_hs32_ls32_mae,audio-window-snn_grid_075_lr0_0003_bs8_hs32_ls32_mae,audio-window,mae,0.0003,8,32,32,0.778467,0.778089,0.778089,0.778089,8,Success,,2
134,20260413_015949_audio-window-snn_grid_081_lr0_0003_bs8_hs64_ls32_mae,audio-window-snn_grid_081_lr0_0003_bs8_hs64_ls32_mae,audio-window,mae,0.0003,8,64,32,0.778467,0.778089,0.778089,0.778089,8,Success,,2
135,20260413_020039_audio-window-snn_grid_087_lr0_0003_bs8_hs128_ls32_mae,audio-window-snn_grid_087_lr0_0003_bs8_hs128_ls32_mae,audio-window,mae,0.0003,8,128,32,0.778467,0.778089,0.778089,0.778089,8,Success,,2
136,20260413_005305_audio-window-snn_grid_011_lr0_0001_bs8_hs64_ls64_mae,audio-window-snn_grid_011_lr0_0001_bs8_hs64_ls64_mae,audio-window,mae,0.0001,8,64,64,0.779666,0.778640,0.778640,0.778640,8,Success,,1
137,20260413_005901_audio-window-snn_grid_017_lr0_0001_bs8_hs128_ls64_mae,audio-window-snn_grid_017_lr0_0001_bs8_hs128_ls64_mae,audio-window,mae,0.0001,8,128,64,0.779666,0.778640,0.778640,0.778640,8,Success,,1
138,20260413_014720_audio-window-snn_grid_005_lr0_0001_bs8_hs32_ls64_mae,audio-window-snn_grid_005_lr0_0001_bs8_hs32_ls64_mae,audio-window,mae,0.0001,8,32,64,0.779666,0.778640,0.778640,0.778640,8,Success,,1
139,20260413_005106_audio-window-snn_grid_009_lr0_0001_bs8_hs64_ls32_mae,audio-window-snn_grid_009_lr0_0001_bs8_hs64_ls32_mae,audio-window,mae,0.0001,8,64,32,0.778735,0.778847,0.778847,0.778847,8,Success,,1
140,20260413_005702_audio-window-snn_grid_015_lr0_0001_bs8_hs128_ls32_mae,audio-window-snn_grid_015_lr0_0001_bs8_hs128_ls32_mae,audio-window,mae,0.0001,8,128,32,0.778735,0.778847,0.778847,0.778847,8,Success,,1
141,20260413_014718_audio-window-snn_grid_003_lr0_0001_bs8_hs32_ls32_mae,audio-window-snn_grid_003_lr0_0001_bs8_hs32_ls32_mae,audio-window,mae,0.0001,8,32,32,0.778735,0.778847,0.778847,0.778847,8,Success,,1
142,20260413_015809_audio-window-snn_grid_077_lr0_0003_bs8_hs32_ls64_mae,audio-window-snn_grid_077_lr0_0003_bs8_hs32_ls64_mae,audio-window,mae,0.0003,8,32,64,0.780269,0.779355,0.779355,0.779355,8,Success,,2
143,20260413_020001_audio-window-snn_grid_083_lr0_0003_bs8_hs64_ls64_mae,audio-window-snn_grid_083_lr0_0003_bs8_hs64_ls64_mae,audio-window,mae,0.0003,8,64,64,0.780269,0.779355,0.779355,0.779355,8,Success,,2
144,20260413_020102_audio-window-snn_grid_089_lr0_0003_bs8_hs128_ls64_mae,audio-window-snn_grid_089_lr0_0003_bs8_hs128_ls64_mae,audio-window,mae,0.0003,8,128,64,0.780269,0.779355,0.779355,0.779355,8,Success,,2
145,20260413_005504_audio-window-snn_grid_013_lr0_0001_bs8_hs128_ls16_mae,audio-window-snn_grid_013_lr0_0001_bs8_hs128_ls16_mae,audio-window,mae,0.0001,8,128,16,0.778705,0.779579,0.779579,0.779579,8,Success,,1
146,20260413_014710_audio-window-snn_grid_007_lr0_0001_bs8_hs64_ls16_mae,audio-window-snn_grid_007_lr0_0001_bs8_hs64_ls16_mae,audio-window,mae,0.0001,8,64,16,0.778705,0.779579,0.779579,0.779579,8,Success,,1
147,20260413_014721_audio-window-snn_grid_001_lr0_0001_bs8_hs32_ls16_mae,audio-window-snn_grid_001_lr0_0001_bs8_hs32_ls16_mae,audio-window,mae,0.0001,8,32,16,0.778705,0.779579,0.779579,0.779579,8,Success,,1
148,20260413_024635_audio-window-snn_grid_221_lr0_0010_bs8_hs32_ls64_mae,audio-window-snn_grid_221_lr0_0010_bs8_hs32_ls64_mae,audio-window,mae,0.0010,8,32,64,0.781903,0.780374,0.780374,0.780374,8,Success,,2
149,20260413_024823_audio-window-snn_grid_227_lr0_0010_bs8_hs64_ls64_mae,audio-window-snn_grid_227_lr0_0010_bs8_hs64_ls64_mae,audio-window,mae,0.0010,8,64,64,0.781903,0.780374,0.780374,0.780374,8,Success,,2
150,20260413_024937_audio-window-snn_grid_233_lr0_0010_bs8_hs128_ls64_mae,audio-window-snn_grid_233_lr0_0010_bs8_hs128_ls64_mae,audio-window,mae,0.0010,8,128,64,0.781903,0.780374,0.780374,0.780374,8,Success,,2
151,20260413_022112_audio-window-snn_grid_145_lr0_0005_bs8_hs32_ls16_mae,audio-window-snn_grid_145_lr0_0005_bs8_hs32_ls16_mae,audio-window,mae,0.0005,8,32,16,0.776961,0.781300,0.781300,0.781300,8,Success,,2
152,20260413_022324_audio-window-snn_grid_151_lr0_0005_bs8_hs64_ls16_mae,audio-window-snn_grid_151_lr0_0005_bs8_hs64_ls16_mae,audio-window,mae,0.0005,8,64,16,0.776961,0.781300,0.781300,0.781300,8,Success,,2
153,20260413_022456_audio-window-snn_grid_157_lr0_0005_bs8_hs128_ls16_mae,audio-window-snn_grid_157_lr0_0005_bs8_hs128_ls16_mae,audio-window,mae,0.0005,8,128,16,0.776961,0.781300,0.781300,0.781300,8,Success,,2
154,20260413_012552_audio-window-snn_grid_038_lr0_0001_bs32_hs32_ls32_mse,audio-window-snn_grid_038_lr0_0001_bs32_hs32_ls32_mse,audio-window,mse,0.0001,32,32,32,0.955355,0.954851,0.954851,0.954851,8,Success,,1
155,20260413_013557_audio-window-snn_grid_044_lr0_0001_bs32_hs64_ls32_mse,audio-window-snn_grid_044_lr0_0001_bs32_hs64_ls32_mse,audio-window,mse,0.0001,32,64,32,0.955355,0.954851,0.954851,0.954851,8,Success,,1
156,20260413_014813_audio-window-snn_grid_050_lr0_0001_bs32_hs128_ls32_mse,audio-window-snn_grid_050_lr0_0001_bs32_hs128_ls32_mse,audio-window,mse,0.0001,32,128,32,0.955355,0.954851,0.954851,0.954851,8,Success,,2
157,20260413_015137_audio-window-snn_grid_056_lr0_0001_bs64_hs32_ls32_mse,audio-window-snn_grid_056_lr0_0001_bs64_hs32_ls32_mse,audio-window,mse,0.0001,64,32,32,0.955355,0.954851,0.954851,0.954851,8,Success,,2
158,20260413_015333_audio-window-snn_grid_062_lr0_0001_bs64_hs64_ls32_mse,audio-window-snn_grid_062_lr0_0001_bs64_hs64_ls32_mse,audio-window,mse,0.0001,64,64,32,0.955355,0.954851,0.954851,0.954851,8,Success,,2
159,20260413_015620_audio-window-snn_grid_068_lr0_0001_bs64_hs128_ls32_mse,audio-window-snn_grid_068_lr0_0001_bs64_hs128_ls32_mse,audio-window,mse,0.0001,64,128,32,0.955355,0.954851,0.954851,0.954851,8,Success,,2
160,20260413_012230_audio-window-snn_grid_036_lr0_0001_bs32_hs32_ls16_mse,audio-window-snn_grid_036_lr0_0001_bs32_hs32_ls16_mse,audio-window,mse,0.0001,32,32,16,0.955268,0.954894,0.954894,0.954894,8,Success,,1
161,20260413_013236_audio-window-snn_grid_042_lr0_0001_bs32_hs64_ls16_mse,audio-window-snn_grid_042_lr0_0001_bs32_hs64_ls16_mse,audio-window,mse,0.0001,32,64,16,0.955268,0.954894,0.954894,0.954894,8,Success,,1
162,20260413_014239_audio-window-snn_grid_048_lr0_0001_bs32_hs128_ls16_mse,audio-window-snn_grid_048_lr0_0001_bs32_hs128_ls16_mse,audio-window,mse,0.0001,32,128,16,0.955268,0.954894,0.954894,0.954894,8,Success,,1
163,20260413_015136_audio-window-snn_grid_054_lr0_0001_bs64_hs32_ls16_mse,audio-window-snn_grid_054_lr0_0001_bs64_hs32_ls16_mse,audio-window,mse,0.0001,64,32,16,0.955268,0.954894,0.954894,0.954894,8,Success,,2
164,20260413_015148_audio-window-snn_grid_060_lr0_0001_bs64_hs64_ls16_mse,audio-window-snn_grid_060_lr0_0001_bs64_hs64_ls16_mse,audio-window,mse,0.0001,64,64,16,0.955268,0.954894,0.954894,0.954894,8,Success,,2
165,20260413_015608_audio-window-snn_grid_066_lr0_0001_bs64_hs128_ls16_mse,audio-window-snn_grid_066_lr0_0001_bs64_hs128_ls16_mse,audio-window,mse,0.0001,64,128,16,0.955268,0.954894,0.954894,0.954894,8,Success,,2
166,20260413_023235_audio-window-snn_grid_180_lr0_0005_bs32_hs32_ls16_mse,audio-window-snn_grid_180_lr0_0005_bs32_hs32_ls16_mse,audio-window,mse,0.0005,32,32,16,0.955587,0.955223,0.955223,0.955223,8,Success,,2
167,20260413_023351_audio-window-snn_grid_186_lr0_0005_bs32_hs64_ls16_mse,audio-window-snn_grid_186_lr0_0005_bs32_hs64_ls16_mse,audio-window,mse,0.0005,32,64,16,0.955587,0.955223,0.955223,0.955223,8,Success,,2
168,20260413_023700_audio-window-snn_grid_192_lr0_0005_bs32_hs128_ls16_mse,audio-window-snn_grid_192_lr0_0005_bs32_hs128_ls16_mse,audio-window,mse,0.0005,32,128,16,0.955587,0.955223,0.955223,0.955223,8,Success,,2
169,20260413_023908_audio-window-snn_grid_198_lr0_0005_bs64_hs32_ls16_mse,audio-window-snn_grid_198_lr0_0005_bs64_hs32_ls16_mse,audio-window,mse,0.0005,64,32,16,0.955587,0.955223,0.955223,0.955223,8,Success,,2
170,20260413_024127_audio-window-snn_grid_204_lr0_0005_bs64_hs64_ls16_mse,audio-window-snn_grid_204_lr0_0005_bs64_hs64_ls16_mse,audio-window,mse,0.0005,64,64,16,0.955587,0.955223,0.955223,0.955223,8,Success,,2
171,20260413_024342_audio-window-snn_grid_210_lr0_0005_bs64_hs128_ls16_mse,audio-window-snn_grid_210_lr0_0005_bs64_hs128_ls16_mse,audio-window,mse,0.0005,64,128,16,0.955587,0.955223,0.955223,0.955223,8,Success,,2
172,20260413_020822_audio-window-snn_grid_110_lr0_0003_bs32_hs32_ls32_mse,audio-window-snn_grid_110_lr0_0003_bs32_hs32_ls32_mse,audio-window,mse,0.0003,32,32,32,0.958458,0.955240,0.955240,0.955240,8,Success,,2
173,20260413_021037_audio-window-snn_grid_116_lr0_0003_bs32_hs64_ls32_mse,audio-window-snn_grid_116_lr0_0003_bs32_hs64_ls32_mse,audio-window,mse,0.0003,32,64,32,0.958458,0.955240,0.955240,0.955240,8,Success,,2
174,20260413_021321_audio-window-snn_grid_122_lr0_0003_bs32_hs128_ls32_mse,audio-window-snn_grid_122_lr0_0003_bs32_hs128_ls32_mse,audio-window,mse,0.0003,32,128,32,0.958458,0.955240,0.955240,0.955240,8,Success,,2
175,20260413_021531_audio-window-snn_grid_128_lr0_0003_bs64_hs32_ls32_mse,audio-window-snn_grid_128_lr0_0003_bs64_hs32_ls32_mse,audio-window,mse,0.0003,64,32,32,0.958458,0.955240,0.955240,0.955240,8,Success,,2
176,20260413_021809_audio-window-snn_grid_134_lr0_0003_bs64_hs64_ls32_mse,audio-window-snn_grid_134_lr0_0003_bs64_hs64_ls32_mse,audio-window,mse,0.0003,64,64,32,0.958458,0.955240,0.955240,0.955240,8,Success,,2
177,20260413_022042_audio-window-snn_grid_140_lr0_0003_bs64_hs128_ls32_mse,audio-window-snn_grid_140_lr0_0003_bs64_hs128_ls32_mse,audio-window,mse,0.0003,64,128,32,0.958458,0.955240,0.955240,0.955240,8,Success,,2
178,20260413_023257_audio-window-snn_grid_182_lr0_0005_bs32_hs32_ls32_mse,audio-window-snn_grid_182_lr0_0005_bs32_hs32_ls32_mse,audio-window,mse,0.0005,32,32,32,0.955580,0.955535,0.955535,0.955535,8,Success,,2
179,20260413_023459_audio-window-snn_grid_188_lr0_0005_bs32_hs64_ls32_mse,audio-window-snn_grid_188_lr0_0005_bs32_hs64_ls32_mse,audio-window,mse,0.0005,32,64,32,0.955580,0.955535,0.955535,0.955535,8,Success,,2
180,20260413_023742_audio-window-snn_grid_194_lr0_0005_bs32_hs128_ls32_mse,audio-window-snn_grid_194_lr0_0005_bs32_hs128_ls32_mse,audio-window,mse,0.0005,32,128,32,0.955580,0.955535,0.955535,0.955535,8,Success,,2
181,20260413_023956_audio-window-snn_grid_200_lr0_0005_bs64_hs32_ls32_mse,audio-window-snn_grid_200_lr0_0005_bs64_hs32_ls32_mse,audio-window,mse,0.0005,64,32,32,0.955580,0.955535,0.955535,0.955535,8,Success,,2
182,20260413_024240_audio-window-snn_grid_206_lr0_0005_bs64_hs64_ls32_mse,audio-window-snn_grid_206_lr0_0005_bs64_hs64_ls32_mse,audio-window,mse,0.0005,64,64,32,0.955580,0.955535,0.955535,0.955535,8,Success,,2
183,20260413_024442_audio-window-snn_grid_212_lr0_0005_bs64_hs128_ls32_mse,audio-window-snn_grid_212_lr0_0005_bs64_hs128_ls32_mse,audio-window,mse,0.0005,64,128,32,0.955580,0.955535,0.955535,0.955535,8,Success,,2
184,20260413_025629_audio-window-snn_grid_252_lr0_0010_bs32_hs32_ls16_mse,audio-window-snn_grid_252_lr0_0010_bs32_hs32_ls16_mse,audio-window,mse,0.0010,32,32,16,0.954957,0.955740,0.955740,0.955740,8,Success,,2
185,20260413_025756_audio-window-snn_grid_258_lr0_0010_bs32_hs64_ls16_mse,audio-window-snn_grid_258_lr0_0010_bs32_hs64_ls16_mse,audio-window,mse,0.0010,32,64,16,0.954957,0.955740,0.955740,0.955740,8,Success,,2
186,20260413_030056_audio-window-snn_grid_264_lr0_0010_bs32_hs128_ls16_mse,audio-window-snn_grid_264_lr0_0010_bs32_hs128_ls16_mse,audio-window,mse,0.0010,32,128,16,0.954957,0.955740,0.955740,0.955740,8,Success,,2
187,20260413_030255_audio-window-snn_grid_270_lr0_0010_bs64_hs32_ls16_mse,audio-window-snn_grid_270_lr0_0010_bs64_hs32_ls16_mse,audio-window,mse,0.0010,64,32,16,0.954957,0.955740,0.955740,0.955740,8,Success,,2
188,20260413_030524_audio-window-snn_grid_276_lr0_0010_bs64_hs64_ls16_mse,audio-window-snn_grid_276_lr0_0010_bs64_hs64_ls16_mse,audio-window,mse,0.0010,64,64,16,0.954957,0.955740,0.955740,0.955740,8,Success,,2
189,20260413_030737_audio-window-snn_grid_282_lr0_0010_bs64_hs128_ls16_mse,audio-window-snn_grid_282_lr0_0010_bs64_hs128_ls16_mse,audio-window,mse,0.0010,64,128,16,0.954957,0.955740,0.955740,0.955740,8,Success,,2
190,20260413_012914_audio-window-snn_grid_040_lr0_0001_bs32_hs32_ls64_mse,audio-window-snn_grid_040_lr0_0001_bs32_hs32_ls64_mse,audio-window,mse,0.0001,32,32,64,0.956027,0.955838,0.955838,0.955838,8,Success,,1
191,20260413_013918_audio-window-snn_grid_046_lr0_0001_bs32_hs64_ls64_mse,audio-window-snn_grid_046_lr0_0001_bs32_hs64_ls64_mse,audio-window,mse,0.0001,32,64,64,0.956027,0.955838,0.955838,0.955838,8,Success,,1
192,20260413_014904_audio-window-snn_grid_052_lr0_0001_bs32_hs128_ls64_mse,audio-window-snn_grid_052_lr0_0001_bs32_hs128_ls64_mse,audio-window,mse,0.0001,32,128,64,0.956027,0.955838,0.955838,0.955838,8,Success,,2
193,20260413_015147_audio-window-snn_grid_058_lr0_0001_bs64_hs32_ls64_mse,audio-window-snn_grid_058_lr0_0001_bs64_hs32_ls64_mse,audio-window,mse,0.0001,64,32,64,0.956027,0.955838,0.955838,0.955838,8,Success,,2
194,20260413_015421_audio-window-snn_grid_064_lr0_0001_bs64_hs64_ls64_mse,audio-window-snn_grid_064_lr0_0001_bs64_hs64_ls64_mse,audio-window,mse,0.0001,64,64,64,0.956027,0.955838,0.955838,0.955838,8,Success,,2
195,20260413_015705_audio-window-snn_grid_070_lr0_0001_bs64_hs128_ls64_mse,audio-window-snn_grid_070_lr0_0001_bs64_hs128_ls64_mse,audio-window,mse,0.0001,64,128,64,0.956027,0.955838,0.955838,0.955838,8,Success,,2
196,20260413_025657_audio-window-snn_grid_254_lr0_0010_bs32_hs32_ls32_mse,audio-window-snn_grid_254_lr0_0010_bs32_hs32_ls32_mse,audio-window,mse,0.0010,32,32,32,0.956193,0.956602,0.956602,0.956602,8,Success,,2
197,20260413_025847_audio-window-snn_grid_260_lr0_0010_bs32_hs64_ls32_mse,audio-window-snn_grid_260_lr0_0010_bs32_hs64_ls32_mse,audio-window,mse,0.0010,32,64,32,0.956193,0.956602,0.956602,0.956602,8,Success,,2
198,20260413_030146_audio-window-snn_grid_266_lr0_0010_bs32_hs128_ls32_mse,audio-window-snn_grid_266_lr0_0010_bs32_hs128_ls32_mse,audio-window,mse,0.0010,32,128,32,0.956193,0.956602,0.956602,0.956602,8,Success,,2
199,20260413_030400_audio-window-snn_grid_272_lr0_0010_bs64_hs32_ls32_mse,audio-window-snn_grid_272_lr0_0010_bs64_hs32_ls32_mse,audio-window,mse,0.0010,64,32,32,0.956193,0.956602,0.956602,0.956602,8,Success,,2
200,20260413_030642_audio-window-snn_grid_278_lr0_0010_bs64_hs64_ls32_mse,audio-window-snn_grid_278_lr0_0010_bs64_hs64_ls32_mse,audio-window,mse,0.0010,64,64,32,0.956193,0.956602,0.956602,0.956602,8,Success,,2
201,20260413_030831_audio-window-snn_grid_284_lr0_0010_bs64_hs128_ls32_mse,audio-window-snn_grid_284_lr0_0010_bs64_hs128_ls32_mse,audio-window,mse,0.0010,64,128,32,0.956193,0.956602,0.956602,0.956602,8,Success,,2
202,20260413_025720_audio-window-snn_grid_256_lr0_0010_bs32_hs32_ls64_mse,audio-window-snn_grid_256_lr0_0010_bs32_hs32_ls64_mse,audio-window,mse,0.0010,32,32,64,0.956908,0.957292,0.957292,0.957292,8,Success,,2
203,20260413_025938_audio-window-snn_grid_262_lr0_0010_bs32_hs64_ls64_mse,audio-window-snn_grid_262_lr0_0010_bs32_hs64_ls64_mse,audio-window,mse,0.0010,32,64,64,0.956908,0.957292,0.957292,0.957292,8,Success,,2
204,20260413_030222_audio-window-snn_grid_268_lr0_0010_bs32_hs128_ls64_mse,audio-window-snn_grid_268_lr0_0010_bs32_hs128_ls64_mse,audio-window,mse,0.0010,32,128,64,0.956908,0.957292,0.957292,0.957292,8,Success,,2
205,20260413_030436_audio-window-snn_grid_274_lr0_0010_bs64_hs32_ls64_mse,audio-window-snn_grid_274_lr0_0010_bs64_hs32_ls64_mse,audio-window,mse,0.0010,64,32,64,0.956908,0.957292,0.957292,0.957292,8,Success,,2
206,20260413_030716_audio-window-snn_grid_280_lr0_0010_bs64_hs64_ls64_mse,audio-window-snn_grid_280_lr0_0010_bs64_hs64_ls64_mse,audio-window,mse,0.0010,64,64,64,0.956908,0.957292,0.957292,0.957292,8,Success,,2
207,20260413_030919_audio-window-snn_grid_286_lr0_0010_bs64_hs128_ls64_mse,audio-window-snn_grid_286_lr0_0010_bs64_hs128_ls64_mse,audio-window,mse,0.0010,64,128,64,0.956908,0.957292,0.957292,0.957292,8,Success,,2
208,20260413_020806_audio-window-snn_grid_108_lr0_0003_bs32_hs32_ls16_mse,audio-window-snn_grid_108_lr0_0003_bs32_hs32_ls16_mse,audio-window,mse,0.0003,32,32,16,0.956830,0.957860,0.957860,0.957860,8,Success,,2
209,20260413_020943_audio-window-snn_grid_114_lr0_0003_bs32_hs64_ls16_mse,audio-window-snn_grid_114_lr0_0003_bs32_hs64_ls16_mse,audio-window,mse,0.0003,32,64,16,0.956830,0.957860,0.957860,0.957860,8,Success,,2
210,20260413_021233_audio-window-snn_grid_120_lr0_0003_bs32_hs128_ls16_mse,audio-window-snn_grid_120_lr0_0003_bs32_hs128_ls16_mse,audio-window,mse,0.0003,32,128,16,0.956830,0.957860,0.957860,0.957860,8,Success,,2
211,20260413_021433_audio-window-snn_grid_126_lr0_0003_bs64_hs32_ls16_mse,audio-window-snn_grid_126_lr0_0003_bs64_hs32_ls16_mse,audio-window,mse,0.0003,64,32,16,0.956830,0.957860,0.957860,0.957860,8,Success,,2
212,20260413_021702_audio-window-snn_grid_132_lr0_0003_bs64_hs64_ls16_mse,audio-window-snn_grid_132_lr0_0003_bs64_hs64_ls16_mse,audio-window,mse,0.0003,64,64,16,0.956830,0.957860,0.957860,0.957860,8,Success,,2
213,20260413_021930_audio-window-snn_grid_138_lr0_0003_bs64_hs128_ls16_mse,audio-window-snn_grid_138_lr0_0003_bs64_hs128_ls16_mse,audio-window,mse,0.0003,64,128,16,0.956830,0.957860,0.957860,0.957860,8,Success,,2
214,20260413_023316_audio-window-snn_grid_184_lr0_0005_bs32_hs32_ls64_mse,audio-window-snn_grid_184_lr0_0005_bs32_hs32_ls64_mse,audio-window,mse,0.0005,32,32,64,0.956406,0.959598,0.959598,0.959598,8,Success,,2
215,20260413_023531_audio-window-snn_grid_190_lr0_0005_bs32_hs64_ls64_mse,audio-window-snn_grid_190_lr0_0005_bs32_hs64_ls64_mse,audio-window,mse,0.0005,32,64,64,0.956406,0.959598,0.959598,0.959598,8,Success,,2
216,20260413_023819_audio-window-snn_grid_196_lr0_0005_bs32_hs128_ls64_mse,audio-window-snn_grid_196_lr0_0005_bs32_hs128_ls64_mse,audio-window,mse,0.0005,32,128,64,0.956406,0.959598,0.959598,0.959598,8,Success,,2
217,20260413_024047_audio-window-snn_grid_202_lr0_0005_bs64_hs32_ls64_mse,audio-window-snn_grid_202_lr0_0005_bs64_hs32_ls64_mse,audio-window,mse,0.0005,64,32,64,0.956406,0.959598,0.959598,0.959598,8,Success,,2
218,20260413_024328_audio-window-snn_grid_208_lr0_0005_bs64_hs64_ls64_mse,audio-window-snn_grid_208_lr0_0005_bs64_hs64_ls64_mse,audio-window,mse,0.0005,64,64,64,0.956406,0.959598,0.959598,0.959598,8,Success,,2
219,20260413_024525_audio-window-snn_grid_214_lr0_0005_bs64_hs128_ls64_mse,audio-window-snn_grid_214_lr0_0005_bs64_hs128_ls64_mse,audio-window,mse,0.0005,64,128,64,0.956406,0.959598,0.959598,0.959598,8,Success,,2
220,20260413_020851_audio-window-snn_grid_112_lr0_0003_bs32_hs32_ls64_mse,audio-window-snn_grid_112_lr0_0003_bs32_hs32_ls64_mse,audio-window,mse,0.0003,32,32,64,0.957470,0.962261,0.962261,0.962261,8,Success,,2
221,20260413_021107_audio-window-snn_grid_118_lr0_0003_bs32_hs64_ls64_mse,audio-window-snn_grid_118_lr0_0003_bs32_hs64_ls64_mse,audio-window,mse,0.0003,32,64,64,0.957470,0.962261,0.962261,0.962261,8,Success,,2
222,20260413_021348_audio-window-snn_grid_124_lr0_0003_bs32_hs128_ls64_mse,audio-window-snn_grid_124_lr0_0003_bs32_hs128_ls64_mse,audio-window,mse,0.0003,32,128,64,0.957470,0.962261,0.962261,0.962261,8,Success,,2
223,20260413_021628_audio-window-snn_grid_130_lr0_0003_bs64_hs32_ls64_mse,audio-window-snn_grid_130_lr0_0003_bs64_hs32_ls64_mse,audio-window,mse,0.0003,64,32,64,0.957470,0.962261,0.962261,0.962261,8,Success,,2
224,20260413_021851_audio-window-snn_grid_136_lr0_0003_bs64_hs64_ls64_mse,audio-window-snn_grid_136_lr0_0003_bs64_hs64_ls64_mse,audio-window,mse,0.0003,64,64,64,0.957470,0.962261,0.962261,0.962261,8,Success,,2
225,20260413_022123_audio-window-snn_grid_142_lr0_0003_bs64_hs128_ls64_mse,audio-window-snn_grid_142_lr0_0003_bs64_hs128_ls64_mse,audio-window,mse,0.0003,64,128,64,0.957470,0.962261,0.962261,0.962261,8,Success,,2
226,20260413_015514_audio-window-snn_grid_072_lr0_0003_bs8_hs32_ls16_mse,audio-window-snn_grid_072_lr0_0003_bs8_hs32_ls16_mse,audio-window,mse,0.0003,8,32,16,1.000280,0.996440,0.996440,0.996440,8,Success,,2
227,20260413_015847_audio-window-snn_grid_078_lr0_0003_bs8_hs64_ls16_mse,audio-window-snn_grid_078_lr0_0003_bs8_hs64_ls16_mse,audio-window,mse,0.0003,8,64,16,1.000280,0.996440,0.996440,0.996440,8,Success,,2
228,20260413_015950_audio-window-snn_grid_084_lr0_0003_bs8_hs128_ls16_mse,audio-window-snn_grid_084_lr0_0003_bs8_hs128_ls16_mse,audio-window,mse,0.0003,8,128,16,1.000280,0.996440,0.996440,0.996440,8,Success,,2
229,20260413_022135_audio-window-snn_grid_146_lr0_0005_bs8_hs32_ls32_mse,audio-window-snn_grid_146_lr0_0005_bs8_hs32_ls32_mse,audio-window,mse,0.0005,8,32,32,0.998492,0.996443,0.996443,0.996443,8,Success,,2
230,20260413_022332_audio-window-snn_grid_152_lr0_0005_bs8_hs64_ls32_mse,audio-window-snn_grid_152_lr0_0005_bs8_hs64_ls32_mse,audio-window,mse,0.0005,8,64,32,0.998492,0.996443,0.996443,0.996443,8,Success,,2
231,20260413_022448_audio-window-snn_grid_158_lr0_0005_bs8_hs128_ls32_mse,audio-window-snn_grid_158_lr0_0005_bs8_hs128_ls32_mse,audio-window,mse,0.0005,8,128,32,0.998492,0.996443,0.996443,0.996443,8,Success,,2
232,20260413_005402_audio-window-snn_grid_012_lr0_0001_bs8_hs128_ls16_mse,audio-window-snn_grid_012_lr0_0001_bs8_hs128_ls16_mse,audio-window,mse,0.0001,8,128,16,0.996779,0.996448,0.996448,0.996448,8,Success,,1
233,20260413_014704_audio-window-snn_grid_000_lr0_0001_bs8_hs32_ls16_mse,audio-window-snn_grid_000_lr0_0001_bs8_hs32_ls16_mse,audio-window,mse,0.0001,8,32,16,0.996779,0.996448,0.996448,0.996448,8,Success,,1
234,20260413_014706_audio-window-snn_grid_006_lr0_0001_bs8_hs64_ls16_mse,audio-window-snn_grid_006_lr0_0001_bs8_hs64_ls16_mse,audio-window,mse,0.0001,8,64,16,0.996779,0.996448,0.996448,0.996448,8,Success,,1
235,20260413_022018_audio-window-snn_grid_144_lr0_0005_bs8_hs32_ls16_mse,audio-window-snn_grid_144_lr0_0005_bs8_hs32_ls16_mse,audio-window,mse,0.0005,8,32,16,0.997649,0.997169,0.997169,0.997169,8,Success,,2
236,20260413_022251_audio-window-snn_grid_150_lr0_0005_bs8_hs64_ls16_mse,audio-window-snn_grid_150_lr0_0005_bs8_hs64_ls16_mse,audio-window,mse,0.0005,8,64,16,0.997649,0.997169,0.997169,0.997169,8,Success,,2
237,20260413_022422_audio-window-snn_grid_156_lr0_0005_bs8_hs128_ls16_mse,audio-window-snn_grid_156_lr0_0005_bs8_hs128_ls16_mse,audio-window,mse,0.0005,8,128,16,0.997649,0.997169,0.997169,0.997169,8,Success,,2
238,20260413_005005_audio-window-snn_grid_008_lr0_0001_bs8_hs64_ls32_mse,audio-window-snn_grid_008_lr0_0001_bs8_hs64_ls32_mse,audio-window,mse,0.0001,8,64,32,0.996495,0.997307,0.997307,0.997307,8,Success,,1
239,20260413_005601_audio-window-snn_grid_014_lr0_0001_bs8_hs128_ls32_mse,audio-window-snn_grid_014_lr0_0001_bs8_hs128_ls32_mse,audio-window,mse,0.0001,8,128,32,0.996495,0.997307,0.997307,0.997307,8,Success,,1
240,20260413_014657_audio-window-snn_grid_002_lr0_0001_bs8_hs32_ls32_mse,audio-window-snn_grid_002_lr0_0001_bs8_hs32_ls32_mse,audio-window,mse,0.0001,8,32,32,0.996495,0.997307,0.997307,0.997307,8,Success,,1
241,20260413_024621_audio-window-snn_grid_220_lr0_0010_bs8_hs32_ls64_mse,audio-window-snn_grid_220_lr0_0010_bs8_hs32_ls64_mse,audio-window,mse,0.0010,8,32,64,0.998978,0.997369,0.997369,0.997369,8,Success,,2
242,20260413_024804_audio-window-snn_grid_226_lr0_0010_bs8_hs64_ls64_mse,audio-window-snn_grid_226_lr0_0010_bs8_hs64_ls64_mse,audio-window,mse,0.0010,8,64,64,0.998978,0.997369,0.997369,0.997369,8,Success,,2
243,20260413_024914_audio-window-snn_grid_232_lr0_0010_bs8_hs128_ls64_mse,audio-window-snn_grid_232_lr0_0010_bs8_hs128_ls64_mse,audio-window,mse,0.0010,8,128,64,0.998978,0.997369,0.997369,0.997369,8,Success,,2
244,20260413_005204_audio-window-snn_grid_010_lr0_0001_bs8_hs64_ls64_mse,audio-window-snn_grid_010_lr0_0001_bs8_hs64_ls64_mse,audio-window,mse,0.0001,8,64,64,0.996496,0.997534,0.997534,0.997534,8,Success,,1
245,20260413_005800_audio-window-snn_grid_016_lr0_0001_bs8_hs128_ls64_mse,audio-window-snn_grid_016_lr0_0001_bs8_hs128_ls64_mse,audio-window,mse,0.0001,8,128,64,0.996496,0.997534,0.997534,0.997534,8,Success,,1
246,20260413_014707_audio-window-snn_grid_004_lr0_0001_bs8_hs32_ls64_mse,audio-window-snn_grid_004_lr0_0001_bs8_hs32_ls64_mse,audio-window,mse,0.0001,8,32,64,0.996496,0.997534,0.997534,0.997534,8,Success,,1
247,20260413_030710_eeg-window-snn_grid_002_lr0_0001_bs16_mse,eeg-window-snn_grid_002_lr0_0001_bs16_mse,eeg-window,mse,0.0001,16,32,16,0.998190,0.998010,0.998010,0.998010,8,Success,,2
248,20260413_030744_eeg-window-snn_grid_004_lr0_0001_bs32_mse,eeg-window-snn_grid_004_lr0_0001_bs32_mse,eeg-window,mse,0.0001,32,32,16,0.998618,0.998873,0.998873,0.998873,8,Success,,2
249,20260413_015656_audio-window-snn_grid_074_lr0_0003_bs8_hs32_ls32_mse,audio-window-snn_grid_074_lr0_0003_bs8_hs32_ls32_mse,audio-window,mse,0.0003,8,32,32,0.997631,0.999106,0.999106,0.999106,8,Success,,2
250,20260413_015903_audio-window-snn_grid_080_lr0_0003_bs8_hs64_ls32_mse,audio-window-snn_grid_080_lr0_0003_bs8_hs64_ls32_mse,audio-window,mse,0.0003,8,64,32,0.997631,0.999106,0.999106,0.999106,8,Success,,2
251,20260413_020017_audio-window-snn_grid_086_lr0_0003_bs8_hs128_ls32_mse,audio-window-snn_grid_086_lr0_0003_bs8_hs128_ls32_mse,audio-window,mse,0.0003,8,128,32,0.997631,0.999106,0.999106,0.999106,8,Success,,2
252,20260413_030626_eeg-window-snn_grid_000_lr0_0001_bs8_mse,eeg-window-snn_grid_000_lr0_0001_bs8_mse,eeg-window,mse,0.0001,8,32,16,0.998025,0.999958,0.999958,0.999958,8,Success,,2
253,20260413_015749_audio-window-snn_grid_076_lr0_0003_bs8_hs32_ls64_mse,audio-window-snn_grid_076_lr0_0003_bs8_hs32_ls64_mse,audio-window,mse,0.0003,8,32,64,0.999960,1.000380,1.000380,1.000380,8,Success,,2
254,20260413_015937_audio-window-snn_grid_082_lr0_0003_bs8_hs64_ls64_mse,audio-window-snn_grid_082_lr0_0003_bs8_hs64_ls64_mse,audio-window,mse,0.0003,8,64,64,0.999960,1.000380,1.000380,1.000380,8,Success,,2
255,20260413_020045_audio-window-snn_grid_088_lr0_0003_bs8_hs128_ls64_mse,audio-window-snn_grid_088_lr0_0003_bs8_hs128_ls64_mse,audio-window,mse,0.0003,8,128,64,0.999960,1.000380,1.000380,1.000380,8,Success,,2
256,20260413_024434_audio-window-snn_grid_216_lr0_0010_bs8_hs32_ls16_mse,audio-window-snn_grid_216_lr0_0010_bs8_hs32_ls16_mse,audio-window,mse,0.0010,8,32,16,0.999946,1.001110,1.001110,1.001110,8,Success,,2
257,20260413_024706_audio-window-snn_grid_222_lr0_0010_bs8_hs64_ls16_mse,audio-window-snn_grid_222_lr0_0010_bs8_hs64_ls16_mse,audio-window,mse,0.0010,8,64,16,0.999946,1.001110,1.001110,1.001110,8,Success,,2
258,20260413_024821_audio-window-snn_grid_228_lr0_0010_bs8_hs128_ls16_mse,audio-window-snn_grid_228_lr0_0010_bs8_hs128_ls16_mse,audio-window,mse,0.0010,8,128,16,0.999946,1.001110,1.001110,1.001110,8,Success,,2
259,20260413_030819_eeg-window-snn_grid_010_lr0_0003_bs32_mse,eeg-window-snn_grid_010_lr0_0003_bs32_mse,eeg-window,mse,0.0003,32,32,16,1.001250,1.001530,1.001530,1.001530,8,Success,,2
260,20260413_024545_audio-window-snn_grid_218_lr0_0010_bs8_hs32_ls32_mse,audio-window-snn_grid_218_lr0_0010_bs8_hs32_ls32_mse,audio-window,mse,0.0010,8,32,32,0.997041,1.002590,1.002590,1.002590,8,Success,,2
261,20260413_024722_audio-window-snn_grid_224_lr0_0010_bs8_hs64_ls32_mse,audio-window-snn_grid_224_lr0_0010_bs8_hs64_ls32_mse,audio-window,mse,0.0010,8,64,32,0.997041,1.002590,1.002590,1.002590,8,Success,,2
262,20260413_024858_audio-window-snn_grid_230_lr0_0010_bs8_hs128_ls32_mse,audio-window-snn_grid_230_lr0_0010_bs8_hs128_ls32_mse,audio-window,mse,0.0010,8,128,32,0.997041,1.002590,1.002590,1.002590,8,Success,,2
263,20260413_030739_eeg-window-snn_grid_006_lr0_0003_bs8_mse,eeg-window-snn_grid_006_lr0_0003_bs8_mse,eeg-window,mse,0.0003,8,32,16,1.001940,1.003000,1.003000,1.003000,8,Success,,2
264,20260413_030850_eeg-window-snn_grid_016_lr0_0005_bs32_mse,eeg-window-snn_grid_016_lr0_0005_bs32_mse,eeg-window,mse,0.0005,32,32,16,1.002180,1.003110,1.003110,1.003110,8,Success,,2
265,20260413_030813_eeg-window-snn_grid_012_lr0_0005_bs8_mse,eeg-window-snn_grid_012_lr0_0005_bs8_mse,eeg-window,mse,0.0005,8,32,16,1.004340,1.003190,1.003190,1.003190,8,Success,,2
266,20260413_022204_audio-window-snn_grid_148_lr0_0005_bs8_hs32_ls64_mse,audio-window-snn_grid_148_lr0_0005_bs8_hs32_ls64_mse,audio-window,mse,0.0005,8,32,64,0.997808,1.003480,1.003480,1.003480,8,Success,,2
267,20260413_022358_audio-window-snn_grid_154_lr0_0005_bs8_hs64_ls64_mse,audio-window-snn_grid_154_lr0_0005_bs8_hs64_ls64_mse,audio-window,mse,0.0005,8,64,64,0.997808,1.003480,1.003480,1.003480,8,Success,,2
268,20260413_022524_audio-window-snn_grid_160_lr0_0005_bs8_hs128_ls64_mse,audio-window-snn_grid_160_lr0_0005_bs8_hs128_ls64_mse,audio-window,mse,0.0005,8,128,64,0.997808,1.003480,1.003480,1.003480,8,Success,,2
269,20260413_010011_audio-window-snn_grid_018_lr0_0001_bs16_hs32_ls16_mse,audio-window-snn_grid_018_lr0_0001_bs16_hs32_ls16_mse,audio-window,mse,0.0001,16,32,16,1.005450,1.005400,1.005400,1.005400,8,Success,,1
270,20260413_010236_audio-window-snn_grid_020_lr0_0001_bs16_hs32_ls32_mse,audio-window-snn_grid_020_lr0_0001_bs16_hs32_ls32_mse,audio-window,mse,0.0001,16,32,32,1.005770,1.005400,1.005400,1.005400,8,Success,,1
271,20260413_010729_audio-window-snn_grid_024_lr0_0001_bs16_hs64_ls16_mse,audio-window-snn_grid_024_lr0_0001_bs16_hs64_ls16_mse,audio-window,mse,0.0001,16,64,16,1.005450,1.005400,1.005400,1.005400,8,Success,,1
272,20260413_010956_audio-window-snn_grid_026_lr0_0001_bs16_hs64_ls32_mse,audio-window-snn_grid_026_lr0_0001_bs16_hs64_ls32_mse,audio-window,mse,0.0001,16,64,32,1.005770,1.005400,1.005400,1.005400,8,Success,,1
273,20260413_011448_audio-window-snn_grid_030_lr0_0001_bs16_hs128_ls16_mse,audio-window-snn_grid_030_lr0_0001_bs16_hs128_ls16_mse,audio-window,mse,0.0001,16,128,16,1.005450,1.005400,1.005400,1.005400,8,Success,,1
274,20260413_011714_audio-window-snn_grid_032_lr0_0001_bs16_hs128_ls32_mse,audio-window-snn_grid_032_lr0_0001_bs16_hs128_ls32_mse,audio-window,mse,0.0001,16,128,32,1.005770,1.005400,1.005400,1.005400,8,Success,,1
275,20260413_022725_audio-window-snn_grid_166_lr0_0005_bs16_hs32_ls64_mse,audio-window-snn_grid_166_lr0_0005_bs16_hs32_ls64_mse,audio-window,mse,0.0005,16,32,64,1.006480,1.005400,1.005400,1.005400,8,Success,,2
276,20260413_022840_audio-window-snn_grid_172_lr0_0005_bs16_hs64_ls64_mse,audio-window-snn_grid_172_lr0_0005_bs16_hs64_ls64_mse,audio-window,mse,0.0005,16,64,64,1.006480,1.005400,1.005400,1.005400,8,Success,,2
277,20260413_023057_audio-window-snn_grid_178_lr0_0005_bs16_hs128_ls64_mse,audio-window-snn_grid_178_lr0_0005_bs16_hs128_ls64_mse,audio-window,mse,0.0005,16,128,64,1.006480,1.005400,1.005400,1.005400,8,Success,,2
278,20260413_025041_audio-window-snn_grid_236_lr0_0010_bs16_hs32_ls32_mse,audio-window-snn_grid_236_lr0_0010_bs16_hs32_ls32_mse,audio-window,mse,0.0010,16,32,32,1.007100,1.005400,1.005400,1.005400,8,Success,,2
279,20260413_025216_audio-window-snn_grid_242_lr0_0010_bs16_hs64_ls32_mse,audio-window-snn_grid_242_lr0_0010_bs16_hs64_ls32_mse,audio-window,mse,0.0010,16,64,32,1.007100,1.005400,1.005400,1.005400,8,Success,,2
280,20260413_025416_audio-window-snn_grid_248_lr0_0010_bs16_hs128_ls32_mse,audio-window-snn_grid_248_lr0_0010_bs16_hs128_ls32_mse,audio-window,mse,0.0010,16,128,32,1.007100,1.005400,1.005400,1.005400,8,Success,,2
281,20260413_022648_audio-window-snn_grid_164_lr0_0005_bs16_hs32_ls32_mse,audio-window-snn_grid_164_lr0_0005_bs16_hs32_ls32_mse,audio-window,mse,0.0005,16,32,32,1.007210,1.006170,1.006170,1.006170,8,Success,,2
282,20260413_022815_audio-window-snn_grid_170_lr0_0005_bs16_hs64_ls32_mse,audio-window-snn_grid_170_lr0_0005_bs16_hs64_ls32_mse,audio-window,mse,0.0005,16,64,32,1.007210,1.006170,1.006170,1.006170,8,Success,,2
283,20260413_023023_audio-window-snn_grid_176_lr0_0005_bs16_hs128_ls32_mse,audio-window-snn_grid_176_lr0_0005_bs16_hs128_ls32_mse,audio-window,mse,0.0005,16,128,32,1.007210,1.006170,1.006170,1.006170,8,Success,,2
284,20260413_010503_audio-window-snn_grid_022_lr0_0001_bs16_hs32_ls64_mse,audio-window-snn_grid_022_lr0_0001_bs16_hs32_ls64_mse,audio-window,mse,0.0001,16,32,64,1.005850,1.006380,1.006380,1.006380,8,Success,,1
285,20260413_011221_audio-window-snn_grid_028_lr0_0001_bs16_hs64_ls64_mse,audio-window-snn_grid_028_lr0_0001_bs16_hs64_ls64_mse,audio-window,mse,0.0001,16,64,64,1.005850,1.006380,1.006380,1.006380,8,Success,,1
286,20260413_011940_audio-window-snn_grid_034_lr0_0001_bs16_hs128_ls64_mse,audio-window-snn_grid_034_lr0_0001_bs16_hs128_ls64_mse,audio-window,mse,0.0001,16,128,64,1.005850,1.006380,1.006380,1.006380,8,Success,,1
287,20260413_022603_audio-window-snn_grid_162_lr0_0005_bs16_hs32_ls16_mse,audio-window-snn_grid_162_lr0_0005_bs16_hs32_ls16_mse,audio-window,mse,0.0005,16,32,16,1.005520,1.007420,1.007420,1.007420,8,Success,,2
288,20260413_022744_audio-window-snn_grid_168_lr0_0005_bs16_hs64_ls16_mse,audio-window-snn_grid_168_lr0_0005_bs16_hs64_ls16_mse,audio-window,mse,0.0005,16,64,16,1.005520,1.007420,1.007420,1.007420,8,Success,,2
289,20260413_022922_audio-window-snn_grid_174_lr0_0005_bs16_hs128_ls16_mse,audio-window-snn_grid_174_lr0_0005_bs16_hs128_ls16_mse,audio-window,mse,0.0005,16,128,16,1.005520,1.007420,1.007420,1.007420,8,Success,,2
290,20260413_030806_eeg-window-snn_grid_008_lr0_0003_bs16_mse,eeg-window-snn_grid_008_lr0_0003_bs16_mse,eeg-window,mse,0.0003,16,32,16,1.004040,1.008050,1.008050,1.008050,8,Success,,2
291,20260413_030834_eeg-window-snn_grid_014_lr0_0005_bs16_mse,eeg-window-snn_grid_014_lr0_0005_bs16_mse,eeg-window,mse,0.0005,16,32,16,1.017740,1.008220,1.008220,1.008220,8,Success,,2
292,20260413_020225_audio-window-snn_grid_092_lr0_0003_bs16_hs32_ls32_mse,audio-window-snn_grid_092_lr0_0003_bs16_hs32_ls32_mse,audio-window,mse,0.0003,16,32,32,1.009350,1.011040,1.011040,1.011040,8,Success,,2
293,20260413_020332_audio-window-snn_grid_098_lr0_0003_bs16_hs64_ls32_mse,audio-window-snn_grid_098_lr0_0003_bs16_hs64_ls32_mse,audio-window,mse,0.0003,16,64,32,1.009350,1.011040,1.011040,1.011040,8,Success,,2
294,20260413_020604_audio-window-snn_grid_104_lr0_0003_bs16_hs128_ls32_mse,audio-window-snn_grid_104_lr0_0003_bs16_hs128_ls32_mse,audio-window,mse,0.0003,16,128,32,1.009350,1.011040,1.011040,1.011040,8,Success,,2
295,20260413_025020_audio-window-snn_grid_234_lr0_0010_bs16_hs32_ls16_mse,audio-window-snn_grid_234_lr0_0010_bs16_hs32_ls16_mse,audio-window,mse,0.0010,16,32,16,1.009070,1.011130,1.011130,1.011130,8,Success,,2
296,20260413_025134_audio-window-snn_grid_240_lr0_0010_bs16_hs64_ls16_mse,audio-window-snn_grid_240_lr0_0010_bs16_hs64_ls16_mse,audio-window,mse,0.0010,16,64,16,1.009070,1.011130,1.011130,1.011130,8,Success,,2
297,20260413_025333_audio-window-snn_grid_246_lr0_0010_bs16_hs128_ls16_mse,audio-window-snn_grid_246_lr0_0010_bs16_hs128_ls16_mse,audio-window,mse,0.0010,16,128,16,1.009070,1.011130,1.011130,1.011130,8,Success,,2
298,20260413_020202_audio-window-snn_grid_090_lr0_0003_bs16_hs32_ls16_mse,audio-window-snn_grid_090_lr0_0003_bs16_hs32_ls16_mse,audio-window,mse,0.0003,16,32,16,1.007940,1.011460,1.011460,1.011460,8,Success,,2
299,20260413_020319_audio-window-snn_grid_096_lr0_0003_bs16_hs64_ls16_mse,audio-window-snn_grid_096_lr0_0003_bs16_hs64_ls16_mse,audio-window,mse,0.0003,16,64,16,1.007940,1.011460,1.011460,1.011460,8,Success,,2
300,20260413_020515_audio-window-snn_grid_102_lr0_0003_bs16_hs128_ls16_mse,audio-window-snn_grid_102_lr0_0003_bs16_hs128_ls16_mse,audio-window,mse,0.0003,16,128,16,1.007940,1.011460,1.011460,1.011460,8,Success,,2
301,20260413_020302_audio-window-snn_grid_094_lr0_0003_bs16_hs32_ls64_mse,audio-window-snn_grid_094_lr0_0003_bs16_hs32_ls64_mse,audio-window,mse,0.0003,16,32,64,1.007650,1.014480,1.014480,1.014480,8,Success,,2
302,20260413_020400_audio-window-snn_grid_100_lr0_0003_bs16_hs64_ls64_mse,audio-window-snn_grid_100_lr0_0003_bs16_hs64_ls64_mse,audio-window,mse,0.0003,16,64,64,1.007650,1.014480,1.014480,1.014480,8,Success,,2
303,20260413_020634_audio-window-snn_grid_106_lr0_0003_bs16_hs128_ls64_mse,audio-window-snn_grid_106_lr0_0003_bs16_hs128_ls64_mse,audio-window,mse,0.0003,16,128,64,1.007650,1.014480,1.014480,1.014480,8,Success,,2
304,20260413_025131_audio-window-snn_grid_238_lr0_0010_bs16_hs32_ls64_mse,audio-window-snn_grid_238_lr0_0010_bs16_hs32_ls64_mse,audio-window,mse,0.0010,16,32,64,1.011420,1.015340,1.015340,1.015340,8,Success,,2
305,20260413_025231_audio-window-snn_grid_244_lr0_0010_bs16_hs64_ls64_mse,audio-window-snn_grid_244_lr0_0010_bs16_hs64_ls64_mse,audio-window,mse,0.0010,16,64,64,1.011420,1.015340,1.015340,1.015340,8,Success,,2
306,20260413_025447_audio-window-snn_grid_250_lr0_0010_bs16_hs128_ls64_mse,audio-window-snn_grid_250_lr0_0010_bs16_hs128_ls64_mse,audio-window,mse,0.0010,16,128,64,1.011420,1.015340,1.015340,1.015340,8,Success,,2
307,20260413_030824_fused-window-snn_grid_000_lr0_0001_bs4_hs64_ls32_mse,fused-window-snn_grid_000_lr0_0001_bs4_hs64_ls32_mse,fused-window,mse,0.0001,4,64,32,N/A,N/A,N/A,N/A,0,Failed (1),Shape mismatch for mean_squared_error,2
308,20260413_030825_fused-window-snn_grid_001_lr0_0001_bs4_hs64_ls32_mae,fused-window-snn_grid_001_lr0_0001_bs4_hs64_ls32_mae,fused-window,mae,0.0001,4,64,32,N/A,N/A,N/A,N/A,0,Failed (1),Shape mismatch for subtract_inplace,2
309,20260413_030829_fused-window-snn_grid_002_lr0_0001_bs4_hs64_ls64_mse,fused-window-snn_grid_002_lr0_0001_bs4_hs64_ls64_mse,fused-window,mse,0.0001,4,64,64,N/A,N/A,N/A,N/A,0,Failed (1),Shape mismatch for mean_squared_error,2
310,20260413_030829_fused-window-snn_grid_003_lr0_0001_bs4_hs64_ls64_mae,fused-window-snn_grid_003_lr0_0001_bs4_hs64_ls64_mae,fused-window,mae,0.0001,4,64,64,N/A,N/A,N/A,N/A,0,Failed (1),Shape mismatch for subtract_inplace,2
311,20260413_030833_fused-window-snn_grid_004_lr0_0001_bs4_hs128_ls32_mse,fused-window-snn_grid_004_lr0_0001_bs4_hs128_ls32_mse,fused-window,mse,0.0001,4,128,32,N/A,N/A,N/A,N/A,0,Failed (1),Shape mismatch for mean_squared_error,2
312,20260413_030833_fused-window-snn_grid_005_lr0_0001_bs4_hs128_ls32_mae,fused-window-snn_grid_005_lr0_0001_bs4_hs128_ls32_mae,fused-window,mae,0.0001,4,128,32,N/A,N/A,N/A,N/A,0,Failed (1),Shape mismatch for subtract_inplace,2
313,20260413_030835_fused-window-snn_grid_006_lr0_0001_bs4_hs128_ls64_mse,fused-window-snn_grid_006_lr0_0001_bs4_hs128_ls64_mse,fused-window,mse,0.0001,4,128,64,N/A,N/A,N/A,N/A,0,Failed (1),Shape mismatch for mean_squared_error,2
314,20260413_030836_fused-window-snn_grid_007_lr0_0001_bs4_hs128_ls64_mae,fused-window-snn_grid_007_lr0_0001_bs4_hs128_ls64_mae,fused-window,mae,0.0001,4,128,64,N/A,N/A,N/A,N/A,0,Failed (1),Shape mismatch for subtract_inplace,2
315,20260413_030838_fused-window-snn_grid_008_lr0_0001_bs8_hs64_ls32_mse,fused-window-snn_grid_008_lr0_0001_bs8_hs64_ls32_mse,fused-window,mse,0.0001,8,64,32,N/A,N/A,N/A,N/A,0,Failed (1),Shape mismatch for mean_squared_error,2
316,20260413_030839_fused-window-snn_grid_009_lr0_0001_bs8_hs64_ls32_mae,fused-window-snn_grid_009_lr0_0001_bs8_hs64_ls32_mae,fused-window,mae,0.0001,8,64,32,N/A,N/A,N/A,N/A,0,Failed (1),Shape mismatch for subtract_inplace,2
317,20260413_030839_fused-window-snn_grid_010_lr0_0001_bs8_hs64_ls64_mse,fused-window-snn_grid_010_lr0_0001_bs8_hs64_ls64_mse,fused-window,mse,0.0001,8,64,64,N/A,N/A,N/A,N/A,0,Failed (1),Shape mismatch for mean_squared_error,2
318,20260413_030839_fused-window-snn_grid_011_lr0_0001_bs8_hs64_ls64_mae,fused-window-snn_grid_011_lr0_0001_bs8_hs64_ls64_mae,fused-window,mae,0.0001,8,64,64,N/A,N/A,N/A,N/A,0,Failed (1),Shape mismatch for subtract_inplace,2
319,20260413_030841_fused-window-snn_grid_012_lr0_0001_bs8_hs128_ls32_mse,fused-window-snn_grid_012_lr0_0001_bs8_hs128_ls32_mse,fused-window,mse,0.0001,8,128,32,N/A,N/A,N/A,N/A,0,Failed (1),Shape mismatch for mean_squared_error,2
320,20260413_030843_fused-window-snn_grid_013_lr0_0001_bs8_hs128_ls32_mae,fused-window-snn_grid_013_lr0_0001_bs8_hs128_ls32_mae,fused-window,mae,0.0001,8,128,32,N/A,N/A,N/A,N/A,0,Failed (1),Shape mismatch for subtract_inplace,2
321,20260413_030843_fused-window-snn_grid_014_lr0_0001_bs8_hs128_ls64_mse,fused-window-snn_grid_014_lr0_0001_bs8_hs128_ls64_mse,fused-window,mse,0.0001,8,128,64,N/A,N/A,N/A,N/A,0,Failed (1),Shape mismatch for mean_squared_error,2
322,20260413_030844_fused-window-snn_grid_015_lr0_0001_bs8_hs128_ls64_mae,fused-window-snn_grid_015_lr0_0001_bs8_hs128_ls64_mae,fused-window,mae,0.0001,8,128,64,N/A,N/A,N/A,N/A,0,Failed (1),Shape mismatch for subtract_inplace,2
323,20260413_030844_fused-window-snn_grid_016_lr0_0001_bs16_hs64_ls32_mse,fused-window-snn_grid_016_lr0_0001_bs16_hs64_ls32_mse,fused-window,mse,0.0001,16,64,32,N/A,N/A,N/A,N/A,0,Failed (1),Shape mismatch for mean_squared_error,2
324,20260413_030845_fused-window-snn_grid_017_lr0_0001_bs16_hs64_ls32_mae,fused-window-snn_grid_017_lr0_0001_bs16_hs64_ls32_mae,fused-window,mae,0.0001,16,64,32,N/A,N/A,N/A,N/A,0,Failed (1),Shape mismatch for subtract_inplace,2
325,20260413_030846_fused-window-snn_grid_018_lr0_0001_bs16_hs64_ls64_mse,fused-window-snn_grid_018_lr0_0001_bs16_hs64_ls64_mse,fused-window,mse,0.0001,16,64,64,N/A,N/A,N/A,N/A,0,Failed (1),Shape mismatch for mean_squared_error,2
326,20260413_030847_fused-window-snn_grid_019_lr0_0001_bs16_hs64_ls64_mae,fused-window-snn_grid_019_lr0_0001_bs16_hs64_ls64_mae,fused-window,mae,0.0001,16,64,64,N/A,N/A,N/A,N/A,0,Failed (1),Shape mismatch for subtract_inplace,2
327,20260413_030848_fused-window-snn_grid_020_lr0_0001_bs16_hs128_ls32_mse,fused-window-snn_grid_020_lr0_0001_bs16_hs128_ls32_mse,fused-window,mse,0.0001,16,128,32,N/A,N/A,N/A,N/A,0,Failed (1),Shape mismatch for mean_squared_error,2
328,20260413_030849_fused-window-snn_grid_021_lr0_0001_bs16_hs128_ls32_mae,fused-window-snn_grid_021_lr0_0001_bs16_hs128_ls32_mae,fused-window,mae,0.0001,16,128,32,N/A,N/A,N/A,N/A,0,Failed (1),Shape mismatch for subtract_inplace,2
329,20260413_030849_fused-window-snn_grid_022_lr0_0001_bs16_hs128_ls64_mse,fused-window-snn_grid_022_lr0_0001_bs16_hs128_ls64_mse,fused-window,mse,0.0001,16,128,64,N/A,N/A,N/A,N/A,0,Failed (1),Shape mismatch for mean_squared_error,2
330,20260413_030849_fused-window-snn_grid_023_lr0_0001_bs16_hs128_ls64_mae,fused-window-snn_grid_023_lr0_0001_bs16_hs128_ls64_mae,fused-window,mae,0.0001,16,128,64,N/A,N/A,N/A,N/A,0,Failed (1),Shape mismatch for subtract_inplace,2
331,20260413_030851_fused-window-snn_grid_024_lr0_0001_bs32_hs64_ls32_mse,fused-window-snn_grid_024_lr0_0001_bs32_hs64_ls32_mse,fused-window,mse,0.0001,32,64,32,N/A,N/A,N/A,N/A,0,Failed (1),Shape mismatch for mean_squared_error,2
332,20260413_030853_fused-window-snn_grid_025_lr0_0001_bs32_hs64_ls32_mae,fused-window-snn_grid_025_lr0_0001_bs32_hs64_ls32_mae,fused-window,mae,0.0001,32,64,32,N/A,N/A,N/A,N/A,0,Failed (1),Shape mismatch for subtract_inplace,2
333,20260413_030854_fused-window-snn_grid_026_lr0_0001_bs32_hs64_ls64_mse,fused-window-snn_grid_026_lr0_0001_bs32_hs64_ls64_mse,fused-window,mse,0.0001,32,64,64,N/A,N/A,N/A,N/A,0,Failed (1),Shape mismatch for mean_squared_error,2
334,20260413_030854_fused-window-snn_grid_027_lr0_0001_bs32_hs64_ls64_mae,fused-window-snn_grid_027_lr0_0001_bs32_hs64_ls64_mae,fused-window,mae,0.0001,32,64,64,N/A,N/A,N/A,N/A,0,Failed (1),Shape mismatch for subtract_inplace,2
335,20260413_030854_fused-window-snn_grid_028_lr0_0001_bs32_hs128_ls32_mse,fused-window-snn_grid_028_lr0_0001_bs32_hs128_ls32_mse,fused-window,mse,0.0001,32,128,32,N/A,N/A,N/A,N/A,0,Failed (1),Shape mismatch for mean_squared_error,2
336,20260413_030855_fused-window-snn_grid_029_lr0_0001_bs32_hs128_ls32_mae,fused-window-snn_grid_029_lr0_0001_bs32_hs128_ls32_mae,fused-window,mae,0.0001,32,128,32,N/A,N/A,N/A,N/A,0,Failed (1),Shape mismatch for subtract_inplace,2
337,20260413_030856_fused-window-snn_grid_030_lr0_0001_bs32_hs128_ls64_mse,fused-window-snn_grid_030_lr0_0001_bs32_hs128_ls64_mse,fused-window,mse,0.0001,32,128,64,N/A,N/A,N/A,N/A,0,Failed (1),Shape mismatch for mean_squared_error,2
338,20260413_030857_fused-window-snn_grid_031_lr0_0001_bs32_hs128_ls64_mae,fused-window-snn_grid_031_lr0_0001_bs32_hs128_ls64_mae,fused-window,mae,0.0001,32,128,64,N/A,N/A,N/A,N/A,0,Failed (1),Shape mismatch for subtract_inplace,2
339,20260413_030857_fused-window-snn_grid_032_lr0_0003_bs4_hs64_ls32_mse,fused-window-snn_grid_032_lr0_0003_bs4_hs64_ls32_mse,fused-window,mse,0.0003,4,64,32,N/A,N/A,N/A,N/A,0,Failed (1),Shape mismatch for mean_squared_error,2
340,20260413_030858_fused-window-snn_grid_033_lr0_0003_bs4_hs64_ls32_mae,fused-window-snn_grid_033_lr0_0003_bs4_hs64_ls32_mae,fused-window,mae,0.0003,4,64,32,N/A,N/A,N/A,N/A,0,Failed (1),Shape mismatch for subtract_inplace,2
341,20260413_030859_fused-window-snn_grid_034_lr0_0003_bs4_hs64_ls64_mse,fused-window-snn_grid_034_lr0_0003_bs4_hs64_ls64_mse,fused-window,mse,0.0003,4,64,64,N/A,N/A,N/A,N/A,0,Failed (1),Shape mismatch for mean_squared_error,2
342,20260413_030859_fused-window-snn_grid_035_lr0_0003_bs4_hs64_ls64_mae,fused-window-snn_grid_035_lr0_0003_bs4_hs64_ls64_mae,fused-window,mae,0.0003,4,64,64,N/A,N/A,N/A,N/A,0,Failed (1),Shape mismatch for subtract_inplace,2
343,20260413_030859_fused-window-snn_grid_036_lr0_0003_bs4_hs128_ls32_mse,fused-window-snn_grid_036_lr0_0003_bs4_hs128_ls32_mse,fused-window,mse,0.0003,4,128,32,N/A,N/A,N/A,N/A,0,Failed (1),Shape mismatch for mean_squared_error,2
344,20260413_030900_fused-window-snn_grid_037_lr0_0003_bs4_hs128_ls32_mae,fused-window-snn_grid_037_lr0_0003_bs4_hs128_ls32_mae,fused-window,mae,0.0003,4,128,32,N/A,N/A,N/A,N/A,0,Failed (1),Shape mismatch for subtract_inplace,2
345,20260413_030901_fused-window-snn_grid_038_lr0_0003_bs4_hs128_ls64_mse,fused-window-snn_grid_038_lr0_0003_bs4_hs128_ls64_mse,fused-window,mse,0.0003,4,128,64,N/A,N/A,N/A,N/A,0,Failed (1),Shape mismatch for mean_squared_error,2
346,20260413_030902_fused-window-snn_grid_039_lr0_0003_bs4_hs128_ls64_mae,fused-window-snn_grid_039_lr0_0003_bs4_hs128_ls64_mae,fused-window,mae,0.0003,4,128,64,N/A,N/A,N/A,N/A,0,Failed (1),Shape mismatch for subtract_inplace,2
347,20260413_030903_fused-window-snn_grid_040_lr0_0003_bs8_hs64_ls32_mse,fused-window-snn_grid_040_lr0_0003_bs8_hs64_ls32_mse,fused-window,mse,0.0003,8,64,32,N/A,N/A,N/A,N/A,0,Failed (1),Shape mismatch for mean_squared_error,2
348,20260413_030903_fused-window-snn_grid_041_lr0_0003_bs8_hs64_ls32_mae,fused-window-snn_grid_041_lr0_0003_bs8_hs64_ls32_mae,fused-window,mae,0.0003,8,64,32,N/A,N/A,N/A,N/A,0,Failed (1),Shape mismatch for subtract_inplace,2
349,20260413_030903_fused-window-snn_grid_042_lr0_0003_bs8_hs64_ls64_mse,fused-window-snn_grid_042_lr0_0003_bs8_hs64_ls64_mse,fused-window,mse,0.0003,8,64,64,N/A,N/A,N/A,N/A,0,Failed (1),Shape mismatch for mean_squared_error,2
350,20260413_030904_fused-window-snn_grid_043_lr0_0003_bs8_hs64_ls64_mae,fused-window-snn_grid_043_lr0_0003_bs8_hs64_ls64_mae,fused-window,mae,0.0003,8,64,64,N/A,N/A,N/A,N/A,0,Failed (1),Shape mismatch for subtract_inplace,2
351,20260413_030905_fused-window-snn_grid_044_lr0_0003_bs8_hs128_ls32_mse,fused-window-snn_grid_044_lr0_0003_bs8_hs128_ls32_mse,fused-window,mse,0.0003,8,128,32,N/A,N/A,N/A,N/A,0,Failed (1),Shape mismatch for mean_squared_error,2
352,20260413_030906_fused-window-snn_grid_045_lr0_0003_bs8_hs128_ls32_mae,fused-window-snn_grid_045_lr0_0003_bs8_hs128_ls32_mae,fused-window,mae,0.0003,8,128,32,N/A,N/A,N/A,N/A,0,Failed (1),Shape mismatch for subtract_inplace,2
353,20260413_030907_fused-window-snn_grid_046_lr0_0003_bs8_hs128_ls64_mse,fused-window-snn_grid_046_lr0_0003_bs8_hs128_ls64_mse,fused-window,mse,0.0003,8,128,64,N/A,N/A,N/A,N/A,0,Failed (1),Shape mismatch for mean_squared_error,2
354,20260413_030908_fused-window-snn_grid_047_lr0_0003_bs8_hs128_ls64_mae,fused-window-snn_grid_047_lr0_0003_bs8_hs128_ls64_mae,fused-window,mae,0.0003,8,128,64,N/A,N/A,N/A,N/A,0,Failed (1),Shape mismatch for subtract_inplace,2
355,20260413_030908_fused-window-snn_grid_048_lr0_0003_bs16_hs64_ls32_mse,fused-window-snn_grid_048_lr0_0003_bs16_hs64_ls32_mse,fused-window,mse,0.0003,16,64,32,N/A,N/A,N/A,N/A,0,Failed (1),Shape mismatch for mean_squared_error,2
356,20260413_030908_fused-window-snn_grid_049_lr0_0003_bs16_hs64_ls32_mae,fused-window-snn_grid_049_lr0_0003_bs16_hs64_ls32_mae,fused-window,mae,0.0003,16,64,32,N/A,N/A,N/A,N/A,0,Failed (1),Shape mismatch for subtract_inplace,2
357,20260413_030908_fused-window-snn_grid_050_lr0_0003_bs16_hs64_ls64_mse,fused-window-snn_grid_050_lr0_0003_bs16_hs64_ls64_mse,fused-window,mse,0.0003,16,64,64,N/A,N/A,N/A,N/A,0,Failed (1),Shape mismatch for mean_squared_error,2
358,20260413_030908_fused-window-snn_grid_051_lr0_0003_bs16_hs64_ls64_mae,fused-window-snn_grid_051_lr0_0003_bs16_hs64_ls64_mae,fused-window,mae,0.0003,16,64,64,N/A,N/A,N/A,N/A,0,Failed (1),Shape mismatch for subtract_inplace,2
359,20260413_030909_fused-window-snn_grid_052_lr0_0003_bs16_hs128_ls32_mse,fused-window-snn_grid_052_lr0_0003_bs16_hs128_ls32_mse,fused-window,mse,0.0003,16,128,32,N/A,N/A,N/A,N/A,0,Failed (1),Shape mismatch for mean_squared_error,2
360,20260413_030910_fused-window-snn_grid_053_lr0_0003_bs16_hs128_ls32_mae,fused-window-snn_grid_053_lr0_0003_bs16_hs128_ls32_mae,fused-window,mae,0.0003,16,128,32,N/A,N/A,N/A,N/A,0,Failed (1),Shape mismatch for subtract_inplace,2
361,20260413_030911_fused-window-snn_grid_054_lr0_0003_bs16_hs128_ls64_mse,fused-window-snn_grid_054_lr0_0003_bs16_hs128_ls64_mse,fused-window,mse,0.0003,16,128,64,N/A,N/A,N/A,N/A,0,Failed (1),Shape mismatch for mean_squared_error,2
362,20260413_030912_fused-window-snn_grid_055_lr0_0003_bs16_hs128_ls64_mae,fused-window-snn_grid_055_lr0_0003_bs16_hs128_ls64_mae,fused-window,mae,0.0003,16,128,64,N/A,N/A,N/A,N/A,0,Failed (1),Shape mismatch for subtract_inplace,2
363,20260413_030913_fused-window-snn_grid_056_lr0_0003_bs32_hs64_ls32_mse,fused-window-snn_grid_056_lr0_0003_bs32_hs64_ls32_mse,fused-window,mse,0.0003,32,64,32,N/A,N/A,N/A,N/A,0,Failed (1),Shape mismatch for mean_squared_error,2
364,20260413_030913_fused-window-snn_grid_057_lr0_0003_bs32_hs64_ls32_mae,fused-window-snn_grid_057_lr0_0003_bs32_hs64_ls32_mae,fused-window,mae,0.0003,32,64,32,N/A,N/A,N/A,N/A,0,Failed (1),Shape mismatch for subtract_inplace,2
365,20260413_030913_fused-window-snn_grid_058_lr0_0003_bs32_hs64_ls64_mse,fused-window-snn_grid_058_lr0_0003_bs32_hs64_ls64_mse,fused-window,mse,0.0003,32,64,64,N/A,N/A,N/A,N/A,0,Failed (1),Shape mismatch for mean_squared_error,2
366,20260413_030914_fused-window-snn_grid_059_lr0_0003_bs32_hs64_ls64_mae,fused-window-snn_grid_059_lr0_0003_bs32_hs64_ls64_mae,fused-window,mae,0.0003,32,64,64,N/A,N/A,N/A,N/A,0,Failed (1),Shape mismatch for subtract_inplace,2
367,20260413_030915_fused-window-snn_grid_060_lr0_0003_bs32_hs128_ls32_mse,fused-window-snn_grid_060_lr0_0003_bs32_hs128_ls32_mse,fused-window,mse,0.0003,32,128,32,N/A,N/A,N/A,N/A,0,Failed (1),Shape mismatch for mean_squared_error,2
368,20260413_030915_fused-window-snn_grid_061_lr0_0003_bs32_hs128_ls32_mae,fused-window-snn_grid_061_lr0_0003_bs32_hs128_ls32_mae,fused-window,mae,0.0003,32,128,32,N/A,N/A,N/A,N/A,0,Failed (1),Shape mismatch for subtract_inplace,2
369,20260413_030917_fused-window-snn_grid_062_lr0_0003_bs32_hs128_ls64_mse,fused-window-snn_grid_062_lr0_0003_bs32_hs128_ls64_mse,fused-window,mse,0.0003,32,128,64,N/A,N/A,N/A,N/A,0,Failed (1),Shape mismatch for mean_squared_error,2
370,20260413_030917_fused-window-snn_grid_064_lr0_0005_bs4_hs64_ls32_mse,fused-window-snn_grid_064_lr0_0005_bs4_hs64_ls32_mse,fused-window,mse,0.0005,4,64,32,N/A,N/A,N/A,N/A,0,Failed (1),Shape mismatch for mean_squared_error,2
371,20260413_030917_fused-window-snn_grid_065_lr0_0005_bs4_hs64_ls32_mae,fused-window-snn_grid_065_lr0_0005_bs4_hs64_ls32_mae,fused-window,mae,0.0005,4,64,32,N/A,N/A,N/A,N/A,0,Failed (1),Shape mismatch for subtract_inplace,2
372,20260413_030918_fused-window-snn_grid_063_lr0_0003_bs32_hs128_ls64_mae,fused-window-snn_grid_063_lr0_0003_bs32_hs128_ls64_mae,fused-window,mae,0.0003,32,128,64,N/A,N/A,N/A,N/A,0,Failed (1),Shape mismatch for subtract_inplace,2
373,20260413_030918_fused-window-snn_grid_066_lr0_0005_bs4_hs64_ls64_mse,fused-window-snn_grid_066_lr0_0005_bs4_hs64_ls64_mse,fused-window,mse,0.0005,4,64,64,N/A,N/A,N/A,N/A,0,Failed (1),Shape mismatch for mean_squared_error,2
374,20260413_030918_fused-window-snn_grid_067_lr0_0005_bs4_hs64_ls64_mae,fused-window-snn_grid_067_lr0_0005_bs4_hs64_ls64_mae,fused-window,mae,0.0005,4,64,64,N/A,N/A,N/A,N/A,0,Failed (1),Shape mismatch for subtract_inplace,2
375,20260413_030919_fused-window-snn_grid_068_lr0_0005_bs4_hs128_ls32_mse,fused-window-snn_grid_068_lr0_0005_bs4_hs128_ls32_mse,fused-window,mse,0.0005,4,128,32,N/A,N/A,N/A,N/A,0,Failed (1),Shape mismatch for mean_squared_error,2
376,20260413_030919_fused-window-snn_grid_069_lr0_0005_bs4_hs128_ls32_mae,fused-window-snn_grid_069_lr0_0005_bs4_hs128_ls32_mae,fused-window,mae,0.0005,4,128,32,N/A,N/A,N/A,N/A,0,Failed (1),Shape mismatch for subtract_inplace,2
377,20260413_030920_fused-window-snn_grid_070_lr0_0005_bs4_hs128_ls64_mse,fused-window-snn_grid_070_lr0_0005_bs4_hs128_ls64_mse,fused-window,mse,0.0005,4,128,64,N/A,N/A,N/A,N/A,0,Failed (1),Shape mismatch for mean_squared_error,2
378,20260413_030921_fused-window-snn_grid_071_lr0_0005_bs4_hs128_ls64_mae,fused-window-snn_grid_071_lr0_0005_bs4_hs128_ls64_mae,fused-window,mae,0.0005,4,128,64,N/A,N/A,N/A,N/A,0,Failed (1),Shape mismatch for subtract_inplace,2
379,20260413_030922_fused-window-snn_grid_072_lr0_0005_bs8_hs64_ls32_mse,fused-window-snn_grid_072_lr0_0005_bs8_hs64_ls32_mse,fused-window,mse,0.0005,8,64,32,N/A,N/A,N/A,N/A,0,Failed (1),Shape mismatch for mean_squared_error,2
380,20260413_030922_fused-window-snn_grid_073_lr0_0005_bs8_hs64_ls32_mae,fused-window-snn_grid_073_lr0_0005_bs8_hs64_ls32_mae,fused-window,mae,0.0005,8,64,32,N/A,N/A,N/A,N/A,0,Failed (1),Shape mismatch for subtract_inplace,2
381,20260413_030922_fused-window-snn_grid_074_lr0_0005_bs8_hs64_ls64_mse,fused-window-snn_grid_074_lr0_0005_bs8_hs64_ls64_mse,fused-window,mse,0.0005,8,64,64,N/A,N/A,N/A,N/A,0,Failed (1),Shape mismatch for mean_squared_error,2
382,20260413_030922_fused-window-snn_grid_075_lr0_0005_bs8_hs64_ls64_mae,fused-window-snn_grid_075_lr0_0005_bs8_hs64_ls64_mae,fused-window,mae,0.0005,8,64,64,N/A,N/A,N/A,N/A,0,Failed (1),Shape mismatch for subtract_inplace,2
383,20260413_030922_fused-window-snn_grid_076_lr0_0005_bs8_hs128_ls32_mse,fused-window-snn_grid_076_lr0_0005_bs8_hs128_ls32_mse,fused-window,mse,0.0005,8,128,32,N/A,N/A,N/A,N/A,0,Failed (1),Shape mismatch for mean_squared_error,2
384,20260413_030923_fused-window-snn_grid_077_lr0_0005_bs8_hs128_ls32_mae,fused-window-snn_grid_077_lr0_0005_bs8_hs128_ls32_mae,fused-window,mae,0.0005,8,128,32,N/A,N/A,N/A,N/A,0,Failed (1),Shape mismatch for subtract_inplace,2
385,20260413_030924_fused-window-snn_grid_078_lr0_0005_bs8_hs128_ls64_mse,fused-window-snn_grid_078_lr0_0005_bs8_hs128_ls64_mse,fused-window,mse,0.0005,8,128,64,N/A,N/A,N/A,N/A,0,Failed (1),Shape mismatch for mean_squared_error,2
386,20260413_030924_fused-window-snn_grid_079_lr0_0005_bs8_hs128_ls64_mae,fused-window-snn_grid_079_lr0_0005_bs8_hs128_ls64_mae,fused-window,mae,0.0005,8,128,64,N/A,N/A,N/A,N/A,0,Failed (1),Shape mismatch for subtract_inplace,2
387,20260413_030925_fused-window-snn_grid_080_lr0_0005_bs16_hs64_ls32_mse,fused-window-snn_grid_080_lr0_0005_bs16_hs64_ls32_mse,fused-window,mse,0.0005,16,64,32,N/A,N/A,N/A,N/A,0,Failed (1),Shape mismatch for mean_squared_error,2
388,20260413_030926_fused-window-snn_grid_081_lr0_0005_bs16_hs64_ls32_mae,fused-window-snn_grid_081_lr0_0005_bs16_hs64_ls32_mae,fused-window,mae,0.0005,16,64,32,N/A,N/A,N/A,N/A,0,Failed (1),Shape mismatch for subtract_inplace,2
389,20260413_030926_fused-window-snn_grid_082_lr0_0005_bs16_hs64_ls64_mse,fused-window-snn_grid_082_lr0_0005_bs16_hs64_ls64_mse,fused-window,mse,0.0005,16,64,64,N/A,N/A,N/A,N/A,0,Failed (1),Shape mismatch for mean_squared_error,2
390,20260413_030927_fused-window-snn_grid_083_lr0_0005_bs16_hs64_ls64_mae,fused-window-snn_grid_083_lr0_0005_bs16_hs64_ls64_mae,fused-window,mae,0.0005,16,64,64,N/A,N/A,N/A,N/A,0,Failed (1),Shape mismatch for subtract_inplace,2
391,20260413_030927_fused-window-snn_grid_084_lr0_0005_bs16_hs128_ls32_mse,fused-window-snn_grid_084_lr0_0005_bs16_hs128_ls32_mse,fused-window,mse,0.0005,16,128,32,N/A,N/A,N/A,N/A,0,Failed (1),Shape mismatch for mean_squared_error,2
392,20260413_030927_fused-window-snn_grid_085_lr0_0005_bs16_hs128_ls32_mae,fused-window-snn_grid_085_lr0_0005_bs16_hs128_ls32_mae,fused-window,mae,0.0005,16,128,32,N/A,N/A,N/A,N/A,0,Failed (1),Shape mismatch for subtract_inplace,2
393,20260413_030927_fused-window-snn_grid_086_lr0_0005_bs16_hs128_ls64_mse,fused-window-snn_grid_086_lr0_0005_bs16_hs128_ls64_mse,fused-window,mse,0.0005,16,128,64,N/A,N/A,N/A,N/A,0,Failed (1),Shape mismatch for mean_squared_error,2
394,20260413_030928_fused-window-snn_grid_087_lr0_0005_bs16_hs128_ls64_mae,fused-window-snn_grid_087_lr0_0005_bs16_hs128_ls64_mae,fused-window,mae,0.0005,16,128,64,N/A,N/A,N/A,N/A,0,Failed (1),Shape mismatch for subtract_inplace,2
395,20260413_030928_fused-window-snn_grid_088_lr0_0005_bs32_hs64_ls32_mse,fused-window-snn_grid_088_lr0_0005_bs32_hs64_ls32_mse,fused-window,mse,0.0005,32,64,32,N/A,N/A,N/A,N/A,0,Failed (1),Shape mismatch for mean_squared_error,2
396,20260413_030929_fused-window-snn_grid_089_lr0_0005_bs32_hs64_ls32_mae,fused-window-snn_grid_089_lr0_0005_bs32_hs64_ls32_mae,fused-window,mae,0.0005,32,64,32,N/A,N/A,N/A,N/A,0,Failed (1),Shape mismatch for subtract_inplace,2
397,20260413_030929_fused-window-snn_grid_090_lr0_0005_bs32_hs64_ls64_mse,fused-window-snn_grid_090_lr0_0005_bs32_hs64_ls64_mse,fused-window,mse,0.0005,32,64,64,N/A,N/A,N/A,N/A,0,Failed (1),Shape mismatch for mean_squared_error,2
398,20260413_030930_fused-window-snn_grid_091_lr0_0005_bs32_hs64_ls64_mae,fused-window-snn_grid_091_lr0_0005_bs32_hs64_ls64_mae,fused-window,mae,0.0005,32,64,64,N/A,N/A,N/A,N/A,0,Failed (1),Shape mismatch for subtract_inplace,2
399,20260413_030930_fused-window-snn_grid_092_lr0_0005_bs32_hs128_ls32_mse,fused-window-snn_grid_092_lr0_0005_bs32_hs128_ls32_mse,fused-window,mse,0.0005,32,128,32,N/A,N/A,N/A,N/A,0,Failed (1),Shape mismatch for mean_squared_error,2
400,20260413_030931_fused-window-snn_grid_093_lr0_0005_bs32_hs128_ls32_mae,fused-window-snn_grid_093_lr0_0005_bs32_hs128_ls32_mae,fused-window,mae,0.0005,32,128,32,N/A,N/A,N/A,N/A,0,Failed (1),Shape mismatch for subtract_inplace,2
401,20260413_030931_fused-window-snn_grid_094_lr0_0005_bs32_hs128_ls64_mse,fused-window-snn_grid_094_lr0_0005_bs32_hs128_ls64_mse,fused-window,mse,0.0005,32,128,64,N/A,N/A,N/A,N/A,0,Failed (1),Shape mismatch for mean_squared_error,2
402,20260413_030931_fused-window-snn_grid_095_lr0_0005_bs32_hs128_ls64_mae,fused-window-snn_grid_095_lr0_0005_bs32_hs128_ls64_mae,fused-window,mae,0.0005,32,128,64,N/A,N/A,N/A,N/A,0,Failed (1),Shape mismatch for subtract_inplace,2
